attachment_unit_id	ayah_ref	qac_ayah_ref	unit_index	word_id	qac_word_ref	morpheme_ids	attachment_surfaces	attachment_roots	prep_bases	binding_method	binding_status
q:1:1:1	52:0	1:1	1	w-s052-a000-w001	1:1:1	m-w-s052-a000-w001-01	بِسْمِ		بـ	position_crosswalk	morpheme_aligned
q:1:1:2	52:0	1:1	2	w-s052-a000-w001	1:1:1	m-w-s052-a000-w001-02	بِسْمِ	س م و	بـ	position_crosswalk	morpheme_aligned
q:1:1:3	52:0	1:1	3	w-s052-a000-w002	1:1:2	m-w-s052-a000-w002-01	اللَّهِ	أ ل ه		position_crosswalk	morpheme_aligned
q:1:1:4	52:0	1:1	4	w-s052-a000-w003	1:1:3	m-w-s052-a000-w003-02	الرَّحْمَنِ	ر ح م		position_crosswalk	morpheme_aligned
q:1:1:5	52:0	1:1	5	w-s052-a000-w003	1:1:3	m-w-s052-a000-w003-02	الرَّحِيمِ	ر ح م		surface_root_sequence_fallback	morpheme_aligned
q:52:1:1	52:1	52:1	1	w-s052-a001-w001	52:1:1	m-w-s052-a001-w001-01	وَالطُّورِ	أ و ي		position_crosswalk	morpheme_aligned
q:52:1:2	52:1	52:1	2	w-s052-a001-w001	52:1:1	m-w-s052-a001-w001-03	وَالطُّورِ	ط و ر		position_crosswalk	morpheme_aligned
q:52:2:1	52:2	52:2	1	w-s052-a002-w001	52:2:1	m-w-s052-a002-w001-01	وَكِتَابٍ	أ و ي		position_crosswalk	morpheme_aligned
q:52:2:2	52:2	52:2	2	w-s052-a002-w001	52:2:1	m-w-s052-a002-w001-02	وَكِتَابٍ	ك ت ب		position_crosswalk	morpheme_aligned
q:52:2:3	52:2	52:2	3	w-s052-a002-w002	52:2:2	m-w-s052-a002-w002-01	مَسْطُورٍ	س ط ر		position_crosswalk	morpheme_aligned
q:52:3:2	52:3	52:3	2	w-s052-a003-w002	52:3:2	m-w-s052-a003-w002-01	رَقٍّ	ر ق ق		position_crosswalk	morpheme_aligned
q:52:3:3	52:3	52:3	3	w-s052-a003-w003	52:3:3	m-w-s052-a003-w003-01	مَنْشُورٍ	ن ش ر		position_crosswalk	morpheme_aligned
q:52:4:1	52:4	52:4	1	w-s052-a004-w001	52:4:1	m-w-s052-a004-w001-01	وَالْبَيْتِ	أ و ي		position_crosswalk	morpheme_aligned
q:52:4:2	52:4	52:4	2	w-s052-a004-w001	52:4:1	m-w-s052-a004-w001-03	وَالْبَيْتِ	ب ي ت		position_crosswalk	morpheme_aligned
q:52:4:3	52:4	52:4	3	w-s052-a004-w002	52:4:2	m-w-s052-a004-w002-02	الْمَعْمُورِ	ع م ر		position_crosswalk	morpheme_aligned
q:52:5:1	52:5	52:5	1	w-s052-a005-w001	52:5:1	m-w-s052-a005-w001-03	وَالسَّقْفِ	أ و ي		position_crosswalk	morpheme_aligned
q:52:5:2	52:5	52:5	2	w-s052-a005-w001	52:5:1	m-w-s052-a005-w001-03	وَالسَّقْفِ	س ق ف		position_crosswalk	morpheme_aligned
q:52:5:3	52:5	52:5	3	w-s052-a005-w002	52:5:2	m-w-s052-a005-w002-02	الْمَرْفُوعِ	ر ف ع		position_crosswalk	morpheme_aligned
q:52:6:1	52:6	52:6	1	w-s052-a006-w001	52:6:1	m-w-s052-a006-w001-01	وَالْبَحْرِ	أ و ي		position_crosswalk	morpheme_aligned
q:52:6:2	52:6	52:6	2	w-s052-a006-w001	52:6:1	m-w-s052-a006-w001-03	وَالْبَحْرِ	ب ح ر		position_crosswalk	morpheme_aligned
q:52:6:3	52:6	52:6	3	w-s052-a006-w002	52:6:2	m-w-s052-a006-w002-02	الْمَسْجُورِ	س ج ر		position_crosswalk	morpheme_aligned
q:52:7:1	52:7	52:7	1	w-s052-a007-w001	52:7:1	m-w-s052-a007-w001-01	إِنَّ			position_crosswalk	morpheme_aligned
q:52:7:2	52:7	52:7	2	w-s052-a007-w002	52:7:2	m-w-s052-a007-w002-01	عَذَابَ	ع ذ ب		position_crosswalk	morpheme_aligned
q:52:7:3	52:7	52:7	3	w-s052-a007-w003	52:7:3	m-w-s052-a007-w003-01	رَبِّكَ	ر ب ب		position_crosswalk	morpheme_aligned
q:52:7:5	52:7	52:7	5	w-s052-a007-w004	52:7:4	m-w-s052-a007-w004-02	لَوَاقِعٌ	و ق ع		position_crosswalk	morpheme_aligned
q:52:8:2	52:8	52:8	2	w-s052-a008-w002	52:8:2	m-w-s052-a008-w002-02;m-w-s052-a008-w002-01	لَهُ	و ل ي	لـ;مِن	position_crosswalk	morpheme_aligned
q:52:8:3	52:8	52:8	3	w-s052-a008-w003	52:8:3	m-w-s052-a008-w003-01			مِن	surface_root_sequence_fallback	morpheme_aligned
q:52:8:4	52:8	52:8	4	w-s052-a008-w004	52:8:4	m-w-s052-a008-w004-01	دَافِعٍ	د ف ع	لـ;مِن	surface_root_sequence_fallback	morpheme_aligned
q:52:9:1	52:9	52:9	1	w-s052-a009-w001	52:9:1	m-w-s052-a009-w001-01	يَوْمَ	ي و م		position_crosswalk	morpheme_aligned
q:52:9:2	52:9	52:9	2	w-s052-a009-w002	52:9:2	m-w-s052-a009-w002-01	تَمُورُ	م و ر		position_crosswalk	morpheme_aligned
q:52:9:3	52:9	52:9	3	w-s052-a009-w003	52:9:3	m-w-s052-a009-w003-02	السَّمَاءُ	س م و		position_crosswalk	morpheme_aligned
q:52:9:4	52:9	52:9	4	w-s052-a009-w004	52:9:4	m-w-s052-a009-w004-01	مَوْرَاً	م و ر		position_crosswalk	morpheme_aligned
q:52:10:2	52:10	52:10	2	w-s052-a010-w001	52:10:1	m-w-s052-a010-w001-02	وَتَسِيرُ	س ي ر		position_crosswalk	morpheme_aligned
q:52:10:3	52:10	52:10	3	w-s052-a010-w002	52:10:2	m-w-s052-a010-w002-02	الْجِبَالُ	ج ب ل		position_crosswalk	morpheme_aligned
q:52:10:4	52:10	52:10	4	w-s052-a010-w003	52:10:3	m-w-s052-a010-w003-01	سَيْرَاً	س ي ر		position_crosswalk	morpheme_aligned
q:52:11:2	52:11	52:11	2	w-s052-a011-w001	52:11:1	m-w-s052-a011-w001-02	فَوَيْلٌ	و ي ل	لـ	position_crosswalk	morpheme_aligned
q:52:11:3	52:11	52:11	3	w-s052-a011-w002	52:11:2	m-w-s052-a011-w002-01	يَوْمَئِذٍ	ي و م		position_crosswalk	morpheme_aligned
q:52:11:4	52:11	52:11	4	w-s052-a011-w003	52:11:3	m-w-s052-a011-w003-01			لـ	position_crosswalk	morpheme_aligned
q:52:11:5	52:11	52:11	5	w-s052-a011-w003	52:11:3	m-w-s052-a011-w003-03	لِلْمُكَذِّبِينَ	ك ذ ب	لـ	position_crosswalk	morpheme_aligned
q:52:12:2	52:12	52:12	2	w-s052-a012-w002	52:12:2	m-w-s052-a012-w002-01	هُمْ		فِي	position_crosswalk	morpheme_aligned
q:52:12:3	52:12	52:12	3	w-s052-a012-w003	52:12:3	m-w-s052-a012-w003-01			فِي	position_crosswalk	morpheme_aligned
q:52:12:4	52:12	52:12	4	w-s052-a012-w004	52:12:4	m-w-s052-a012-w004-01	خَوْضٍ	خ و ض	فِي	position_crosswalk	morpheme_aligned
q:52:12:5	52:12	52:12	5	w-s052-a012-w005	52:12:5	m-w-s052-a012-w005-01	يَلْعَبُونَ	ل ع ب		position_crosswalk	morpheme_aligned
q:52:13:1	52:13	52:13	1	w-s052-a013-w001	52:13:1	m-w-s052-a013-w001-01	يَوْمَ	ي و م		position_crosswalk	morpheme_aligned
q:52:13:2	52:13	52:13	2	w-s052-a013-w002	52:13:2	m-w-s052-a013-w002-01	يُدَعُّونَ	د ع ع	إِلَى	position_crosswalk	morpheme_aligned
q:52:13:3	52:13	52:13	3	w-s052-a013-w003	52:13:3	m-w-s052-a013-w003-01			إِلَى	position_crosswalk	morpheme_aligned
q:52:13:4	52:13	52:13	4	w-s052-a013-w004	52:13:4	m-w-s052-a013-w004-01	نَارِ	ن و ر	إِلَى	position_crosswalk	morpheme_aligned
q:52:13:5	52:13	52:13	5	w-s052-a013-w005	52:13:5	m-w-s052-a013-w005-01	جَهَنَّمَ	ج ه ن م		position_crosswalk	morpheme_aligned
q:52:13:6	52:13	52:13	6	w-s052-a013-w006	52:13:6	m-w-s052-a013-w006-01	دَعَّاً	د ع و		position_crosswalk	morpheme_aligned
q:52:14:1	52:14	52:14	1	w-s052-a014-w001	52:14:1	m-w-s052-a014-w001-01	هَذِهِ			position_crosswalk	morpheme_aligned
q:52:14:2	52:14	52:14	2	w-s052-a014-w002	52:14:2	m-w-s052-a014-w002-02	النَّارُ	ن و ر		position_crosswalk	morpheme_aligned
q:52:14:3	52:14	52:14	3	w-s052-a014-w003	52:14:3	m-w-s052-a014-w003-01	الَّتِي	ل ل ت		position_crosswalk	morpheme_aligned
q:52:14:4	52:14	52:14	4	w-s052-a014-w004	52:14:4	m-w-s052-a014-w004-01	كُنْتُمْ	ك و ن		position_crosswalk	morpheme_aligned
q:52:14:5	52:14	52:14	5	w-s052-a014-w005	52:14:5	m-w-s052-a014-w005-02;m-w-s052-a014-w005-01			بـ	position_crosswalk	morpheme_aligned
q:52:14:6	52:14	52:14	6	w-s052-a014-w006	52:14:6	m-w-s052-a014-w006-01	تُكَذِّبُونَ	ك ذ ب	بـ	surface_root_sequence_fallback	morpheme_aligned
q:52:15:2	52:15	52:15	2	w-s052-a015-w001	52:15:1	m-w-s052-a015-w001-03	أَفَسِحْرٌ	س ح ر		position_crosswalk	morpheme_aligned
q:52:15:3	52:15	52:15	3	w-s052-a015-w002	52:15:2	m-w-s052-a015-w002-01	هَذَا			surface_root_sequence_fallback	morpheme_aligned
q:52:15:5	52:15	52:15	5	w-s052-a015-w004	52:15:4	m-w-s052-a015-w004-01	أَنْتُمْ			surface_root_sequence_fallback	morpheme_aligned
q:52:15:6	52:15	52:15	6	w-s052-a015-w005	52:15:5	m-w-s052-a015-w005-01	لَا			surface_root_sequence_fallback	morpheme_aligned
q:52:15:7	52:15	52:15	7	w-s052-a015-w006	52:15:6	m-w-s052-a015-w006-01	تُبْصِرُونَ	ب ص ر		surface_root_sequence_fallback	morpheme_aligned
q:52:16:1	52:16	52:16	1	w-s052-a016-w001	52:16:1	m-w-s052-a016-w001-01	اصْلَوْهَا	ص ل ي		position_crosswalk	morpheme_aligned
q:52:16:3	52:16	52:16	3	w-s052-a016-w002	52:16:2	m-w-s052-a016-w002-02	فَاصْبِرُوا	ص ب ر		position_crosswalk	morpheme_aligned
q:52:16:5	52:16	52:16	5	w-s052-a016-w004	52:16:4	m-w-s052-a016-w004-01	لَا			position_crosswalk	morpheme_aligned
q:52:16:6	52:16	52:16	6	w-s052-a016-w005	52:16:5	m-w-s052-a016-w005-01	تَصْبِرُوا	ص ب ر		position_crosswalk	morpheme_aligned
q:52:16:7	52:16	52:16	7	w-s052-a016-w006	52:16:6	m-w-s052-a016-w006-01	سَوَاءٌ	س و ي	عَلَى	position_crosswalk	morpheme_aligned
q:52:16:8	52:16	52:16	8	w-s052-a016-w007	52:16:7	m-w-s052-a016-w007-02;m-w-s052-a016-w007-01	عَلَيْكُمْ	ع ل و	عَلَى	position_crosswalk	morpheme_aligned
q:52:16:9	52:16	52:16	9	w-s052-a016-w008	52:16:8		إِنَّمَا	إ ن م ا		position_crosswalk	word_aligned
q:52:16:10	52:16	52:16	10	w-s052-a016-w009	52:16:9	m-w-s052-a016-w009-01	تُجْزَوْنَ	ج ز ز		position_crosswalk	morpheme_aligned
q:52:16:11	52:16	52:16	11	w-s052-a016-w010	52:16:10	m-w-s052-a016-w010-01	مَا			position_crosswalk	morpheme_aligned
q:52:16:12	52:16	52:16	12	w-s052-a016-w011	52:16:11	m-w-s052-a016-w011-01	كُنْتُمْ	ك و ن		position_crosswalk	morpheme_aligned
q:52:16:13	52:16	52:16	13	w-s052-a016-w012	52:16:12	m-w-s052-a016-w012-01	تَعْمَلُونَ	ع م ل		position_crosswalk	morpheme_aligned
q:52:17:1	52:17	52:17	1	w-s052-a017-w001	52:17:1	m-w-s052-a017-w001-01	إِنَّ		فِي	position_crosswalk	morpheme_aligned
q:52:17:2	52:17	52:17	2	w-s052-a017-w002	52:17:2	m-w-s052-a017-w002-02	الْمُتَّقِينَ	و ق ي		position_crosswalk	morpheme_aligned
q:52:17:3	52:17	52:17	3	w-s052-a017-w003	52:17:3	m-w-s052-a017-w003-01			فِي	position_crosswalk	morpheme_aligned
q:52:17:4	52:17	52:17	4	w-s052-a017-w004	52:17:4	m-w-s052-a017-w004-01	جَنَّاتٍ	ج ن ن	فِي	position_crosswalk	morpheme_aligned
q:52:17:6	52:17	52:17	6	w-s052-a017-w005	52:17:5	m-w-s052-a017-w005-02	وَنَعِيمٍ	ن ع م	فِي	position_crosswalk	morpheme_aligned
q:52:18:1	52:18	52:18	1	w-s052-a018-w001	52:18:1	m-w-s052-a018-w001-01	فَاكِهِينَ	ف ك ه	بـ	position_crosswalk	morpheme_aligned
q:52:18:2	52:18	52:18	2	w-s052-a018-w002	52:18:2	m-w-s052-a018-w002-01			بـ	position_crosswalk	morpheme_aligned
q:52:18:3	52:18	52:18	3	w-s052-a018-w002	52:18:2	m-w-s052-a018-w002-02	بِمَا		بـ	position_crosswalk	morpheme_aligned
q:52:18:4	52:18	52:18	4	w-s052-a018-w003	52:18:3	m-w-s052-a018-w003-01;m-w-s052-a018-w003-02	آتَاهُمْ	أ ت ي		position_crosswalk	morpheme_aligned
q:52:18:5	52:18	52:18	5	w-s052-a018-w004	52:18:4	m-w-s052-a018-w004-01	رَبُّهُمْ	ر ب ب		position_crosswalk	morpheme_aligned
q:52:18:7	52:18	52:18	7	w-s052-a018-w005	52:18:5	m-w-s052-a018-w005-02;m-w-s052-a018-w005-03	وَوَقَاهُمْ	و ق ي		position_crosswalk	morpheme_aligned
q:52:18:8	52:18	52:18	8	w-s052-a018-w006	52:18:6	m-w-s052-a018-w006-01	رَبُّهُمْ	ر ب ب		position_crosswalk	morpheme_aligned
q:52:18:9	52:18	52:18	9	w-s052-a018-w007	52:18:7	m-w-s052-a018-w007-01	عَذَابَ	ع ذ ب		position_crosswalk	morpheme_aligned
q:52:18:10	52:18	52:18	10	w-s052-a018-w008	52:18:8	m-w-s052-a018-w008-02	الْجَحِيمِ	ج ح م		position_crosswalk	morpheme_aligned
q:52:19:1	52:19	52:19	1	w-s052-a019-w001	52:19:1	m-w-s052-a019-w001-01	كُلُوا	ك ل ل		position_crosswalk	morpheme_aligned
q:52:19:3	52:19	52:19	3	w-s052-a019-w002	52:19:2	m-w-s052-a019-w002-02	وَاشْرَبُوا	ش ر ب		position_crosswalk	morpheme_aligned
q:52:19:4	52:19	52:19	4	w-s052-a019-w003	52:19:3	m-w-s052-a019-w003-01	هَنِيئَاً	ه ن أ	بـ	position_crosswalk	morpheme_aligned
q:52:19:5	52:19	52:19	5	w-s052-a019-w004	52:19:4	m-w-s052-a019-w004-01			بـ	position_crosswalk	morpheme_aligned
q:52:19:6	52:19	52:19	6	w-s052-a019-w004	52:19:4	m-w-s052-a019-w004-02	بِمَا		بـ	position_crosswalk	morpheme_aligned
q:52:19:7	52:19	52:19	7	w-s052-a019-w005	52:19:5	m-w-s052-a019-w005-01	كُنْتُمْ	ك و ن		position_crosswalk	morpheme_aligned
q:52:19:8	52:19	52:19	8	w-s052-a019-w006	52:19:6	m-w-s052-a019-w006-01	تَعْمَلُونَ	ع م ل		position_crosswalk	morpheme_aligned
q:52:20:1	52:20	52:20	1	w-s052-a020-w001	52:20:1	m-w-s052-a020-w001-01	مُتَّكِئِينَ	و ك أ	عَلَى	position_crosswalk	morpheme_aligned
q:52:20:2	52:20	52:20	2	w-s052-a020-w002	52:20:2	m-w-s052-a020-w002-01			عَلَى	position_crosswalk	morpheme_aligned
q:52:20:3	52:20	52:20	3	w-s052-a020-w003	52:20:3	m-w-s052-a020-w003-01	سُرُرٍ	س ر ر	عَلَى	position_crosswalk	morpheme_aligned
q:52:20:4	52:20	52:20	4	w-s052-a020-w004	52:20:4	m-w-s052-a020-w004-01	مَصْفُوفَةٍ	ص ف ف		position_crosswalk	morpheme_aligned
q:52:20:6	52:20	52:20	6	w-s052-a020-w005	52:20:5	m-w-s052-a020-w005-02	وَزَوَّجْنَاهُمْ	ز و ج	بـ	position_crosswalk	morpheme_aligned
q:52:20:7	52:20	52:20	7	w-s052-a020-w006	52:20:6	m-w-s052-a020-w006-01			بـ	position_crosswalk	morpheme_aligned
q:52:20:8	52:20	52:20	8	w-s052-a020-w006	52:20:6	m-w-s052-a020-w006-02	بِحُورٍ	ح و ر	بـ	position_crosswalk	morpheme_aligned
q:52:20:9	52:20	52:20	9	w-s052-a020-w007	52:20:7	m-w-s052-a020-w007-01	عِينٍ	ع ي ن		position_crosswalk	morpheme_aligned
q:52:21:2	52:21	52:21	2	w-s052-a021-w001	52:21:1	m-w-s052-a021-w001-02	وَالَّذِينَ	ل ل ذ		position_crosswalk	morpheme_aligned
q:52:21:5	52:21	52:21	5	w-s052-a021-w003	52:21:3	m-w-s052-a021-w003-02;m-w-s052-a021-w003-03	وَاتَّبَعَتْهُمْ	ت ب ع	بـ	position_crosswalk	morpheme_aligned
q:52:21:6	52:21	52:21	6	w-s052-a021-w004	52:21:4	m-w-s052-a021-w004-01	ذُرِّيَّتُهُمْ			position_crosswalk	morpheme_aligned
q:52:21:7	52:21	52:21	7	w-s052-a021-w005	52:21:5	m-w-s052-a021-w005-01			بـ	position_crosswalk	morpheme_aligned
q:52:21:8	52:21	52:21	8	w-s052-a021-w005	52:21:5	m-w-s052-a021-w005-02	بِإِيمَانٍ	أ م ن	بـ	position_crosswalk	morpheme_aligned
q:52:21:9	52:21	52:21	9	w-s052-a021-w006	52:21:6	m-w-s052-a021-w006-01	أَلْحَقْنَا	ل ح ق	بـ	position_crosswalk	morpheme_aligned
q:52:21:10	52:21	52:21	10	w-s052-a021-w007	52:21:7	m-w-s052-a021-w007-01			بـ	position_crosswalk	morpheme_aligned
q:52:21:11	52:21	52:21	11	w-s052-a021-w007	52:21:7	m-w-s052-a021-w007-02	بِهِمْ		بـ	position_crosswalk	morpheme_aligned
q:52:21:12	52:21	52:21	12	w-s052-a021-w008	52:21:8	m-w-s052-a021-w008-01	ذُرِّيَّتَهُمْ			position_crosswalk	morpheme_aligned
q:52:21:15	52:21	52:21	15	w-s052-a021-w010	52:21:10	m-w-s052-a021-w010-01	أَلَتْنَاهُمْ	أ ل ت	مِن	position_crosswalk	morpheme_aligned
q:52:21:16	52:21	52:21	16	w-s052-a021-w011	52:21:11	m-w-s052-a021-w011-01			مِن	position_crosswalk	morpheme_aligned
q:52:21:17	52:21	52:21	17	w-s052-a021-w012	52:21:12	m-w-s052-a021-w012-01	عَمَلِهِمْ	ع م ل	مِن	position_crosswalk	morpheme_aligned
q:52:21:18	52:21	52:21	18	w-s052-a021-w013	52:21:13	m-w-s052-a021-w013-01			مِن	position_crosswalk	morpheme_aligned
q:52:21:19	52:21	52:21	19	w-s052-a021-w014	52:21:14	m-w-s052-a021-w014-01	شَيْءٍ	ش ي ء	مِن	position_crosswalk	morpheme_aligned
q:52:21:20	52:21	52:21	20	w-s052-a021-w015	52:21:15	m-w-s052-a021-w015-01	كُلُّ	ك ل ل		position_crosswalk	morpheme_aligned
q:52:21:21	52:21	52:21	21	w-s052-a021-w016	52:21:16	m-w-s052-a021-w016-01	امْرِئٍ	م ر أ		position_crosswalk	morpheme_aligned
q:52:21:22	52:21	52:21	22	w-s052-a021-w017	52:21:17	m-w-s052-a021-w017-01			بـ	position_crosswalk	morpheme_aligned
q:52:21:23	52:21	52:21	23	w-s052-a021-w017	52:21:17	m-w-s052-a021-w017-02	بِمَا		بـ	position_crosswalk	morpheme_aligned
q:52:21:24	52:21	52:21	24	w-s052-a021-w018	52:21:18	m-w-s052-a021-w018-01	كَسَبَ	ك س ب		position_crosswalk	morpheme_aligned
q:52:21:25	52:21	52:21	25	w-s052-a021-w019	52:21:19	m-w-s052-a021-w019-01	رَهِينٌ	ر ه ن	بـ	position_crosswalk	morpheme_aligned
q:52:22:2	52:22	52:22	2	w-s052-a022-w001	52:22:1	m-w-s052-a022-w001-02	وَأَمْدَدْنَاهُمْ	م د د	بـ	position_crosswalk	morpheme_aligned
q:52:22:3	52:22	52:22	3	w-s052-a022-w002	52:22:2	m-w-s052-a022-w002-01			بـ	position_crosswalk	morpheme_aligned
q:52:22:4	52:22	52:22	4	w-s052-a022-w002	52:22:2	m-w-s052-a022-w002-02	بِفَاكِهَةٍ	ف ك ه	بـ	position_crosswalk	morpheme_aligned
q:52:22:6	52:22	52:22	6	w-s052-a022-w003	52:22:3	m-w-s052-a022-w003-02	وَلَحْمٍ	ل ح م	مِن	position_crosswalk	morpheme_aligned
q:52:22:7	52:22	52:22	7	w-s052-a022-w004	52:22:4	m-w-s052-a022-w004-01			مِن	position_crosswalk	morpheme_aligned
q:52:22:8	52:22	52:22	8	w-s052-a022-w005	52:22:5	m-w-s052-a022-w005-01	يَشْتَهُونَ	ش ه و	مِن	position_crosswalk	morpheme_aligned
q:52:23:1	52:23	52:23	1	w-s052-a023-w001	52:23:1	m-w-s052-a023-w001-01	يَتَنَازَعُونَ	ن ز ع	فِي	position_crosswalk	morpheme_aligned
q:52:23:2	52:23	52:23	2	w-s052-a023-w002	52:23:2	m-w-s052-a023-w002-02;m-w-s052-a023-w002-01			فِي	position_crosswalk	morpheme_aligned
q:52:23:3	52:23	52:23	3	w-s052-a023-w003	52:23:3	m-w-s052-a023-w003-01	كَأْسَاً	ك أ س		position_crosswalk	morpheme_aligned
q:52:23:4	52:23	52:23	4	w-s052-a023-w004	52:23:4	m-w-s052-a023-w004-01	لَا			position_crosswalk	morpheme_aligned
q:52:23:5	52:23	52:23	5	w-s052-a023-w005	52:23:5	m-w-s052-a023-w005-01	لَغْوٌ	ل غ و	فِي	position_crosswalk	morpheme_aligned
q:52:23:6	52:23	52:23	6	w-s052-a023-w006	52:23:6	m-w-s052-a023-w006-02;m-w-s052-a023-w006-01	فِيهَا		فِي	position_crosswalk	morpheme_aligned
q:52:23:8	52:23	52:23	8	w-s052-a023-w007	52:23:7	m-w-s052-a023-w007-02	وَلَا			position_crosswalk	morpheme_aligned
q:52:23:9	52:23	52:23	9	w-s052-a023-w008	52:23:8	m-w-s052-a023-w008-01	تَأْثِيمٌ	أ ث م		position_crosswalk	morpheme_aligned
q:52:24:2	52:24	52:24	2	w-s052-a024-w001	52:24:1	m-w-s052-a024-w001-02	وَيَطُوفُ	ط و ف	عَلَى	position_crosswalk	morpheme_aligned
q:52:24:3	52:24	52:24	3	w-s052-a024-w002	52:24:2	m-w-s052-a024-w002-02;m-w-s052-a024-w002-01			عَلَى	position_crosswalk	morpheme_aligned
q:52:24:4	52:24	52:24	4	w-s052-a024-w003	52:24:3	m-w-s052-a024-w003-01	غِلْمَانٌ	غ ل م	لـ	position_crosswalk	morpheme_aligned
q:52:24:5	52:24	52:24	5	w-s052-a024-w003	52:24:3	m-w-s052-a024-w003-01			لـ	surface_root_sequence_fallback	morpheme_aligned
q:52:24:6	52:24	52:24	6	w-s052-a024-w004	52:24:4	m-w-s052-a024-w004-02	لَهُمْ		لـ	position_crosswalk	morpheme_aligned
q:52:24:7	52:24	52:24	7	w-s052-a024-w005	52:24:5	m-w-s052-a024-w005-01;m-w-s052-a024-w005-02	كَأَنَّهُمْ	ك أ ن		position_crosswalk	morpheme_aligned
q:52:24:8	52:24	52:24	8	w-s052-a024-w006	52:24:6	m-w-s052-a024-w006-01	لُؤْلُؤٌ	ل ؤ ل ؤ		position_crosswalk	morpheme_aligned
q:52:24:9	52:24	52:24	9	w-s052-a024-w007	52:24:7	m-w-s052-a024-w007-01	مَكْنُونٌ	ك ن ن		position_crosswalk	morpheme_aligned
q:52:25:2	52:25	52:25	2	w-s052-a025-w001	52:25:1	m-w-s052-a025-w001-02	وَأَقْبَلَ	ق ب ل	عَلَى	position_crosswalk	morpheme_aligned
q:52:25:3	52:25	52:25	3	w-s052-a025-w002	52:25:2	m-w-s052-a025-w002-01	بَعْضُهُمْ	ب ع ض		position_crosswalk	morpheme_aligned
q:52:25:4	52:25	52:25	4	w-s052-a025-w003	52:25:3	m-w-s052-a025-w003-01			عَلَى	position_crosswalk	morpheme_aligned
q:52:25:5	52:25	52:25	5	w-s052-a025-w004	52:25:4	m-w-s052-a025-w004-01	بَعْضٍ	ب ع ض	عَلَى	position_crosswalk	morpheme_aligned
q:52:25:6	52:25	52:25	6	w-s052-a025-w005	52:25:5	m-w-s052-a025-w005-01	يَتَسَاءَلُونَ	س أ ل		position_crosswalk	morpheme_aligned
q:52:26:1	52:26	52:26	1	w-s052-a026-w001	52:26:1	m-w-s052-a026-w001-01	قَالُوا	ق و ل		position_crosswalk	morpheme_aligned
q:52:26:2	52:26	52:26	2	w-s052-a026-w002	52:26:2	m-w-s052-a026-w002-01;m-w-s052-a026-w002-02	إِنَّا			position_crosswalk	morpheme_aligned
q:52:26:3	52:26	52:26	3	w-s052-a026-w003	52:26:3	m-w-s052-a026-w003-01	كُنَّا	ك و ن		position_crosswalk	morpheme_aligned
q:52:26:4	52:26	52:26	4	w-s052-a026-w004	52:26:4	m-w-s052-a026-w004-01	قَبْلُ	ق ب ل		position_crosswalk	morpheme_aligned
q:52:26:5	52:26	52:26	5	w-s052-a026-w005	52:26:5	m-w-s052-a026-w005-01			فِي	position_crosswalk	morpheme_aligned
q:52:26:6	52:26	52:26	6	w-s052-a026-w006	52:26:6	m-w-s052-a026-w006-01	أَهْلِنَا	أ ه ل	فِي	position_crosswalk	morpheme_aligned
q:52:26:7	52:26	52:26	7	w-s052-a026-w007	52:26:7	m-w-s052-a026-w007-01	مُشْفِقِينَ	ش ف ق	فِي	position_crosswalk	morpheme_aligned
q:52:27:2	52:27	52:27	2	w-s052-a027-w001	52:27:1	m-w-s052-a027-w001-02	فَمَنَّ	م ن ن	عَلَى	position_crosswalk	morpheme_aligned
q:52:27:3	52:27	52:27	3	w-s052-a027-w002	52:27:2	m-w-s052-a027-w002-01	اللَّهُ	أ ل ه		position_crosswalk	morpheme_aligned
q:52:27:4	52:27	52:27	4	w-s052-a027-w003	52:27:3	m-w-s052-a027-w003-02;m-w-s052-a027-w003-01			عَلَى	position_crosswalk	morpheme_aligned
q:52:27:6	52:27	52:27	6	w-s052-a027-w004	52:27:4	m-w-s052-a027-w004-02;m-w-s052-a027-w004-03	وَوَقَانَا	و ق ي		position_crosswalk	morpheme_aligned
q:52:27:7	52:27	52:27	7	w-s052-a027-w005	52:27:5	m-w-s052-a027-w005-01	عَذَابَ	ع ذ ب		position_crosswalk	morpheme_aligned
q:52:27:8	52:27	52:27	8	w-s052-a027-w006	52:27:6	m-w-s052-a027-w006-02	السَّمُومِ	س م م		position_crosswalk	morpheme_aligned
q:52:28:1	52:28	52:28	1	w-s052-a028-w001	52:28:1	m-w-s052-a028-w001-01;m-w-s052-a028-w001-02	إِنَّا			position_crosswalk	morpheme_aligned
q:52:28:2	52:28	52:28	2	w-s052-a028-w002	52:28:2	m-w-s052-a028-w002-01	كُنَّا	ك و ن		position_crosswalk	morpheme_aligned
q:52:28:3	52:28	52:28	3	w-s052-a028-w003	52:28:3	m-w-s052-a028-w003-01			مِن	position_crosswalk	morpheme_aligned
q:52:28:4	52:28	52:28	4	w-s052-a028-w004	52:28:4	m-w-s052-a028-w004-01	قَبْلُ	ق ب ل	مِن	position_crosswalk	morpheme_aligned
q:52:28:5	52:28	52:28	5	w-s052-a028-w005	52:28:5	m-w-s052-a028-w005-01;m-w-s052-a028-w005-02	نَدْعُوهُ	د ع ع	مِن	position_crosswalk	morpheme_aligned
q:52:28:6	52:28	52:28	6	w-s052-a028-w006	52:28:6	m-w-s052-a028-w006-01;m-w-s052-a028-w006-02	إِنَّهُ			position_crosswalk	morpheme_aligned
q:52:28:7	52:28	52:28	7	w-s052-a028-w007	52:28:7	m-w-s052-a028-w007-01	هُوَ			position_crosswalk	morpheme_aligned
q:52:28:8	52:28	52:28	8	w-s052-a028-w008	52:28:8	m-w-s052-a028-w008-02	الْبَرُّ	ب ر ر		position_crosswalk	morpheme_aligned
q:52:28:9	52:28	52:28	9	w-s052-a028-w009	52:28:9	m-w-s052-a028-w009-02	الرَّحِيمُ	ر ح م		position_crosswalk	morpheme_aligned
q:52:29:4	52:29	52:29	4	w-s052-a029-w002	52:29:2	m-w-s052-a029-w002-02	فَمَا			position_crosswalk	morpheme_aligned
q:52:29:5	52:29	52:29	5	w-s052-a029-w003	52:29:3	m-w-s052-a029-w003-01	أَنْتَ		بـ	position_crosswalk	morpheme_aligned
q:52:29:6	52:29	52:29	6	w-s052-a029-w004	52:29:4	m-w-s052-a029-w004-01			بـ	position_crosswalk	morpheme_aligned
q:52:29:7	52:29	52:29	7	w-s052-a029-w004	52:29:4	m-w-s052-a029-w004-02	بِنِعْمَتِ	ن ع م	بـ	position_crosswalk	morpheme_aligned
q:52:29:8	52:29	52:29	8	w-s052-a029-w005	52:29:5	m-w-s052-a029-w005-01	رَبِّكَ	ر ب ب		position_crosswalk	morpheme_aligned
q:52:29:9	52:29	52:29	9	w-s052-a029-w005	52:29:5	m-w-s052-a029-w005-01			بـ	surface_root_sequence_fallback	morpheme_aligned
q:52:29:10	52:29	52:29	10	w-s052-a029-w006	52:29:6	m-w-s052-a029-w006-02	بِكَاهِنٍ	ك ه ن	بـ	position_crosswalk	morpheme_aligned
q:52:29:12	52:29	52:29	12	w-s052-a029-w007	52:29:7	m-w-s052-a029-w007-02	وَلَا			position_crosswalk	morpheme_aligned
q:52:29:13	52:29	52:29	13	w-s052-a029-w008	52:29:8	m-w-s052-a029-w008-01	مَجْنُونٍ	ج ن ن		position_crosswalk	morpheme_aligned
q:52:30:2	52:30	52:30	2	w-s052-a030-w002	52:30:2	m-w-s052-a030-w002-01	يَقُولُونَ	ق و ل		position_crosswalk	morpheme_aligned
q:52:30:3	52:30	52:30	3	w-s052-a030-w003	52:30:3	m-w-s052-a030-w003-01	شَاعِرٌ	ش ع ر		position_crosswalk	morpheme_aligned
q:52:30:4	52:30	52:30	4	w-s052-a030-w004	52:30:4	m-w-s052-a030-w004-01	نَتَرَبَّصُ	ر ب ص	بـ	position_crosswalk	morpheme_aligned
q:52:30:5	52:30	52:30	5	w-s052-a030-w005	52:30:5	m-w-s052-a030-w005-02;m-w-s052-a030-w005-01			بـ	position_crosswalk	morpheme_aligned
q:52:30:6	52:30	52:30	6	w-s052-a030-w006	52:30:6	m-w-s052-a030-w006-01	رَيْبَ	ر ي ب		surface_root_sequence_fallback	morpheme_aligned
q:52:30:7	52:30	52:30	7	w-s052-a030-w007	52:30:7	m-w-s052-a030-w007-02	الْمَنُونِ	م ن ن		surface_root_sequence_fallback	morpheme_aligned
q:52:31:1	52:31	52:31	1	w-s052-a031-w001	52:31:1	m-w-s052-a031-w001-01	قُلْ	ق ل ل		position_crosswalk	morpheme_aligned
q:52:31:2	52:31	52:31	2	w-s052-a031-w002	52:31:2	m-w-s052-a031-w002-01	تَرَبَّصُوا	ر ب ص		position_crosswalk	morpheme_aligned
q:52:31:4	52:31	52:31	4	w-s052-a031-w003	52:31:3	m-w-s052-a031-w003-02;m-w-s052-a031-w003-03	فَإِنِّي			position_crosswalk	morpheme_aligned
q:52:31:5	52:31	52:31	5	w-s052-a031-w004	52:31:4	m-w-s052-a031-w004-01	مَعَكُمْ	م ع ع	مِن	position_crosswalk	morpheme_aligned
q:52:31:6	52:31	52:31	6	w-s052-a031-w005	52:31:5	m-w-s052-a031-w005-01			مِن	position_crosswalk	morpheme_aligned
q:52:31:7	52:31	52:31	7	w-s052-a031-w006	52:31:6	m-w-s052-a031-w006-02	الْمُتَرَبِّصِينَ	ر ب ص	مِن	position_crosswalk	morpheme_aligned
q:52:32:2	52:32	52:32	2	w-s052-a032-w002	52:32:2	m-w-s052-a032-w002-01;m-w-s052-a032-w002-02	تَأْمُرُهُمْ	أ م ر	بـ	position_crosswalk	morpheme_aligned
q:52:32:3	52:32	52:32	3	w-s052-a032-w003	52:32:3	m-w-s052-a032-w003-01	أَحْلَامُهُمْ	ح ل م		position_crosswalk	morpheme_aligned
q:52:32:4	52:32	52:32	4	w-s052-a032-w004	52:32:4	m-w-s052-a032-w004-01			بـ	position_crosswalk	morpheme_aligned
q:52:32:5	52:32	52:32	5	w-s052-a032-w004	52:32:4	m-w-s052-a032-w004-02	بِهَذَا		بـ	position_crosswalk	morpheme_aligned
q:52:32:7	52:32	52:32	7	w-s052-a032-w006	52:32:6	m-w-s052-a032-w006-01	هُمْ			position_crosswalk	morpheme_aligned
q:52:32:8	52:32	52:32	8	w-s052-a032-w007	52:32:7	m-w-s052-a032-w007-01	قَوْمٌ	ق و م		position_crosswalk	morpheme_aligned
q:52:32:9	52:32	52:32	9	w-s052-a032-w008	52:32:8	m-w-s052-a032-w008-01	طَاغُونَ	ط غ و		position_crosswalk	morpheme_aligned
q:52:33:2	52:33	52:33	2	w-s052-a033-w002	52:33:2	m-w-s052-a033-w002-01	يَقُولُونَ	ق و ل		position_crosswalk	morpheme_aligned
q:52:33:3	52:33	52:33	3	w-s052-a033-w002	52:33:2	m-w-s052-a033-w002-01;m-w-s052-a033-w002-02	تَقَوَّلَهُ	ق و ل		surface_root_sequence_fallback	morpheme_aligned
q:52:34:2	52:34	52:34	2	w-s052-a034-w001	52:34:1	m-w-s052-a034-w001-03	فَلْيَأْتُوا	أ ت ي	بـ	position_crosswalk	morpheme_aligned
q:52:34:3	52:34	52:34	3	w-s052-a034-w002	52:34:2	m-w-s052-a034-w002-01			بـ	surface_root_sequence_fallback	morpheme_aligned
q:52:34:4	52:34	52:34	4	w-s052-a034-w002	52:34:2	m-w-s052-a034-w002-02	بِحَدِيثٍ	ح د ث	بـ	position_crosswalk	morpheme_aligned
q:52:34:5	52:34	52:34	5	w-s052-a034-w003	52:34:3	m-w-s052-a034-w003-01	مِثْلِهِ	م ث ل		surface_root_sequence_fallback	morpheme_aligned
q:52:34:7	52:34	52:34	7	w-s052-a034-w005	52:34:5	m-w-s052-a034-w005-01	كَانُوا	ك و ن		surface_root_sequence_fallback	morpheme_aligned
q:52:34:8	52:34	52:34	8	w-s052-a034-w006	52:34:6	m-w-s052-a034-w006-01	صَادِقِينَ	ص د ق		surface_root_sequence_fallback	morpheme_aligned
q:52:35:2	52:35	52:35	2	w-s052-a035-w002	52:35:2	m-w-s052-a035-w002-01	خُلِقُوا	خ ل ق	مِن	position_crosswalk	morpheme_aligned
q:52:35:3	52:35	52:35	3	w-s052-a035-w003	52:35:3	m-w-s052-a035-w003-01			مِن	position_crosswalk	morpheme_aligned
q:52:35:4	52:35	52:35	4	w-s052-a035-w004	52:35:4	m-w-s052-a035-w004-01	غَيْرِ	غ ي ر	مِن	position_crosswalk	morpheme_aligned
q:52:35:5	52:35	52:35	5	w-s052-a035-w005	52:35:5	m-w-s052-a035-w005-01	شَيْءٍ	ش ي ء		position_crosswalk	morpheme_aligned
q:52:35:7	52:35	52:35	7	w-s052-a035-w007	52:35:7	m-w-s052-a035-w007-01	هُمُ			position_crosswalk	morpheme_aligned
q:52:35:8	52:35	52:35	8	w-s052-a035-w008	52:35:8	m-w-s052-a035-w008-02	الْخَالِقُونَ	خ ل ق		position_crosswalk	morpheme_aligned
q:52:36:2	52:36	52:36	2	w-s052-a036-w002	52:36:2	m-w-s052-a036-w002-01	خَلَقُوا	خ ل ق		position_crosswalk	morpheme_aligned
q:52:36:3	52:36	52:36	3	w-s052-a036-w003	52:36:3	m-w-s052-a036-w003-02	السَّمَاوَاتِ	س م و		position_crosswalk	morpheme_aligned
q:52:36:5	52:36	52:36	5	w-s052-a036-w004	52:36:4	m-w-s052-a036-w004-03	وَالْأَرْضَ	أ ر ض		position_crosswalk	morpheme_aligned
q:52:37:2	52:37	52:37	2	w-s052-a037-w002	52:37:2	m-w-s052-a037-w002-01	عِنْدَهُمْ	ع ن د		position_crosswalk	morpheme_aligned
q:52:37:3	52:37	52:37	3	w-s052-a037-w003	52:37:3	m-w-s052-a037-w003-01	خَزَائِنُ	خ ز ن		position_crosswalk	morpheme_aligned
q:52:37:4	52:37	52:37	4	w-s052-a037-w004	52:37:4	m-w-s052-a037-w004-01	رَبِّكَ	ر ب ب		position_crosswalk	morpheme_aligned
q:52:37:6	52:37	52:37	6	w-s052-a037-w006	52:37:6	m-w-s052-a037-w006-01	هُمُ			position_crosswalk	morpheme_aligned
q:52:37:7	52:37	52:37	7	w-s052-a037-w007	52:37:7	m-w-s052-a037-w007-02	الْمُصَيْطِرُونَ	س ط ر		position_crosswalk	morpheme_aligned
q:52:38:2	52:38	52:38	2	w-s052-a038-w002	52:38:2	m-w-s052-a038-w002-01	لَهُمْ	و ل ي	لـ	position_crosswalk	morpheme_aligned
q:52:38:3	52:38	52:38	3	w-s052-a038-w002	52:38:2	m-w-s052-a038-w002-02	لَهُمْ		لـ	position_crosswalk	morpheme_aligned
q:52:38:4	52:38	52:38	4	w-s052-a038-w003	52:38:3	m-w-s052-a038-w003-01	سُلَّمٌ	س ل م	لـ	position_crosswalk	morpheme_aligned
q:52:38:5	52:38	52:38	5	w-s052-a038-w004	52:38:4	m-w-s052-a038-w004-01	يَسْتَمِعُونَ	س م ع	فِي	position_crosswalk	morpheme_aligned
q:52:38:6	52:38	52:38	6	w-s052-a038-w005	52:38:5	m-w-s052-a038-w005-02;m-w-s052-a038-w005-01			فِي	position_crosswalk	morpheme_aligned
q:52:38:8	52:38	52:38	8	w-s052-a038-w006	52:38:6	m-w-s052-a038-w006-03	فَلْيَأْتِ	أ ت ي	بـ	position_crosswalk	morpheme_aligned
q:52:38:9	52:38	52:38	9	w-s052-a038-w007	52:38:7	m-w-s052-a038-w007-01	مُسْتَمِعُهُمْ	س م ع		surface_root_sequence_fallback	morpheme_aligned
q:52:38:10	52:38	52:38	10	w-s052-a038-w008	52:38:8	m-w-s052-a038-w008-01			بـ	surface_root_sequence_fallback	morpheme_aligned
q:52:38:11	52:38	52:38	11	w-s052-a038-w008	52:38:8	m-w-s052-a038-w008-02	بِسُلْطَانٍ	س ل ط	بـ	position_crosswalk	morpheme_aligned
q:52:38:12	52:38	52:38	12	w-s052-a038-w009	52:38:9	m-w-s052-a038-w009-01	مُبِينٍ	ب ي ن		surface_root_sequence_fallback	morpheme_aligned
q:52:39:2	52:39	52:39	2	w-s052-a039-w002	52:39:2	m-w-s052-a039-w002-02;m-w-s052-a039-w002-01	لَهُ	و ل ي	لـ	position_crosswalk	morpheme_aligned
q:52:39:3	52:39	52:39	3	w-s052-a039-w003	52:39:3	m-w-s052-a039-w003-02	الْبَنَاتُ	ب ن ي	لـ	surface_root_sequence_fallback	morpheme_aligned
q:52:39:5	52:39	52:39	5	w-s052-a039-w003	52:39:3	m-w-s052-a039-w003-02	وَلَكُمُ	و ل ي	لـ	surface_root_sequence_fallback	morpheme_aligned
q:52:39:6	52:39	52:39	6	w-s052-a039-w003	52:39:3	m-w-s052-a039-w003-02	الْبَنُونَ	ب ن ي	لـ	surface_root_sequence_fallback	morpheme_aligned
q:52:40:2	52:40	52:40	2	w-s052-a040-w002	52:40:2	m-w-s052-a040-w002-01;m-w-s052-a040-w002-02	تَسْأَلُهُمْ	س أ ل		position_crosswalk	morpheme_aligned
q:52:40:3	52:40	52:40	3	w-s052-a040-w003	52:40:3	m-w-s052-a040-w003-01	أَجْرَاً	أ ج ر		position_crosswalk	morpheme_aligned
q:52:40:5	52:40	52:40	5	w-s052-a040-w004	52:40:4	m-w-s052-a040-w004-02	فَهُمْ			position_crosswalk	morpheme_aligned
q:52:40:6	52:40	52:40	6	w-s052-a040-w005	52:40:5	m-w-s052-a040-w005-01			مِن	position_crosswalk	morpheme_aligned
q:52:40:7	52:40	52:40	7	w-s052-a040-w006	52:40:6	m-w-s052-a040-w006-01	مَغْرَمٍ	غ ر م	مِن	position_crosswalk	morpheme_aligned
q:52:40:8	52:40	52:40	8	w-s052-a040-w007	52:40:7	m-w-s052-a040-w007-01	مُثْقَلُونَ	ث ق ل	مِن	position_crosswalk	morpheme_aligned
q:52:41:2	52:41	52:41	2	w-s052-a041-w002	52:41:2	m-w-s052-a041-w002-01	عِنْدَهُمُ	ع ن د		position_crosswalk	morpheme_aligned
q:52:41:3	52:41	52:41	3	w-s052-a041-w003	52:41:3	m-w-s052-a041-w003-02	الْغَيْبُ	غ ي ب		position_crosswalk	morpheme_aligned
q:52:41:5	52:41	52:41	5	w-s052-a041-w004	52:41:4	m-w-s052-a041-w004-02	فَهُمْ			position_crosswalk	morpheme_aligned
q:52:41:6	52:41	52:41	6	w-s052-a041-w005	52:41:5	m-w-s052-a041-w005-01	يَكْتُبُونَ	ك ت ب		position_crosswalk	morpheme_aligned
q:52:42:2	52:42	52:42	2	w-s052-a042-w002	52:42:2	m-w-s052-a042-w002-01	يُرِيدُونَ	ر و د		position_crosswalk	morpheme_aligned
q:52:42:3	52:42	52:42	3	w-s052-a042-w003	52:42:3	m-w-s052-a042-w003-01	كَيْدَاً	ك ي د		position_crosswalk	morpheme_aligned
q:52:42:5	52:42	52:42	5	w-s052-a042-w004	52:42:4	m-w-s052-a042-w004-02	فَالَّذِينَ	ل ل ذ		position_crosswalk	morpheme_aligned
q:52:42:8	52:42	52:42	8	w-s052-a042-w007	52:42:7	m-w-s052-a042-w007-02	الْمَكِيدُونَ	ك ي د		position_crosswalk	morpheme_aligned
q:52:43:2	52:43	52:43	2	w-s052-a043-w002	52:43:2	m-w-s052-a043-w002-01	لَهُمْ	و ل ي	لـ	position_crosswalk	morpheme_aligned
q:52:43:3	52:43	52:43	3	w-s052-a043-w002	52:43:2	m-w-s052-a043-w002-02	لَهُمْ		لـ	position_crosswalk	morpheme_aligned
q:52:43:4	52:43	52:43	4	w-s052-a043-w003	52:43:3	m-w-s052-a043-w003-01	إِلَهٌ	أ ل ه		position_crosswalk	morpheme_aligned
q:52:43:5	52:43	52:43	5	w-s052-a043-w004	52:43:4	m-w-s052-a043-w004-01	غَيْرُ	غ ي ر		position_crosswalk	morpheme_aligned
q:52:43:6	52:43	52:43	6	w-s052-a043-w005	52:43:5	m-w-s052-a043-w005-01	اللَّهِ	أ ل ه		position_crosswalk	morpheme_aligned
q:52:43:7	52:43	52:43	7	w-s052-a043-w006	52:43:6	m-w-s052-a043-w006-01	سُبْحَانَ	س ب ح	عَن	position_crosswalk	morpheme_aligned
q:52:43:8	52:43	52:43	8	w-s052-a043-w007	52:43:7	m-w-s052-a043-w007-01	اللَّهِ	أ ل ه		position_crosswalk	morpheme_aligned
q:52:43:9	52:43	52:43	9	w-s052-a043-w008	52:43:8	m-w-s052-a043-w008-01			عَن	position_crosswalk	morpheme_aligned
q:52:44:3	52:44	52:44	3	w-s052-a044-w002	52:44:2	m-w-s052-a044-w002-01	يَرَوْا	ر أ ي		position_crosswalk	morpheme_aligned
q:52:44:4	52:44	52:44	4	w-s052-a044-w003	52:44:3	m-w-s052-a044-w003-01	كِسْفَاً	ك س ف	مِن	position_crosswalk	morpheme_aligned
q:52:44:5	52:44	52:44	5	w-s052-a044-w004	52:44:4	m-w-s052-a044-w004-01			مِن	position_crosswalk	morpheme_aligned
q:52:44:6	52:44	52:44	6	w-s052-a044-w005	52:44:5	m-w-s052-a044-w005-02	السَّمَاءِ	س م و	مِن	position_crosswalk	morpheme_aligned
q:52:44:7	52:44	52:44	7	w-s052-a044-w006	52:44:6	m-w-s052-a044-w006-01	سَاقِطَاً	س ق ط		position_crosswalk	morpheme_aligned
q:52:44:8	52:44	52:44	8	w-s052-a044-w007	52:44:7	m-w-s052-a044-w007-01	يَقُولُوا	ق و ل		position_crosswalk	morpheme_aligned
q:52:44:9	52:44	52:44	9	w-s052-a044-w008	52:44:8	m-w-s052-a044-w008-01	سَحَابٌ	س ح ب		position_crosswalk	morpheme_aligned
q:52:44:10	52:44	52:44	10	w-s052-a044-w009	52:44:9	m-w-s052-a044-w009-01	مَرْكُومٌ	ر ك م		position_crosswalk	morpheme_aligned
q:52:45:2	52:45	52:45	2	w-s052-a045-w001	52:45:1	m-w-s052-a045-w001-02;m-w-s052-a045-w001-03	فَذَرْهُمْ	و ذ ر		position_crosswalk	morpheme_aligned
q:52:45:4	52:45	52:45	4	w-s052-a045-w003	52:45:3	m-w-s052-a045-w003-01	يُلَاقُوا	ل ي ق		position_crosswalk	morpheme_aligned
q:52:45:5	52:45	52:45	5	w-s052-a045-w004	52:45:4	m-w-s052-a045-w004-01	يَوْمَهُمُ	ي و م		position_crosswalk	morpheme_aligned
q:52:45:6	52:45	52:45	6	w-s052-a045-w005	52:45:5	m-w-s052-a045-w005-01	الَّذِي	ل ل ذ		position_crosswalk	morpheme_aligned
q:52:45:7	52:45	52:45	7	w-s052-a045-w006	52:45:6	m-w-s052-a045-w006-02;m-w-s052-a045-w006-01			فِي	position_crosswalk	morpheme_aligned
q:52:45:8	52:45	52:45	8	w-s052-a045-w007	52:45:7	m-w-s052-a045-w007-01	يُصْعَقُونَ	ص ع ق	فِي	position_crosswalk	morpheme_aligned
q:52:46:1	52:46	52:46	1	w-s052-a046-w001	52:46:1	m-w-s052-a046-w001-01	يَوْمَ	ي و م		position_crosswalk	morpheme_aligned
q:52:46:3	52:46	52:46	3	w-s052-a046-w003	52:46:3	m-w-s052-a046-w003-01	يُغْنِي	غ ن ي	عَن	position_crosswalk	morpheme_aligned
q:52:46:4	52:46	52:46	4	w-s052-a046-w004	52:46:4	m-w-s052-a046-w004-02;m-w-s052-a046-w004-01			عَن	position_crosswalk	morpheme_aligned
q:52:46:5	52:46	52:46	5	w-s052-a046-w005	52:46:5	m-w-s052-a046-w005-01	كَيْدُهُمْ	ك ي د		position_crosswalk	morpheme_aligned
q:52:46:6	52:46	52:46	6	w-s052-a046-w006	52:46:6	m-w-s052-a046-w006-01	شَيْئَاً	ش ي ء		position_crosswalk	morpheme_aligned
q:52:46:9	52:46	52:46	9	w-s052-a046-w008	52:46:8	m-w-s052-a046-w008-01	هُمْ			position_crosswalk	morpheme_aligned
q:52:46:10	52:46	52:46	10	w-s052-a046-w009	52:46:9	m-w-s052-a046-w009-01	يُنْصَرُونَ	ن ص ر		position_crosswalk	morpheme_aligned
q:52:47:2	52:47	52:47	2	w-s052-a047-w001	52:47:1	m-w-s052-a047-w001-02	وَإِنَّ			position_crosswalk	morpheme_aligned
q:52:47:3	52:47	52:47	3	w-s052-a047-w002	52:47:2	m-w-s052-a047-w002-01	لِلَّذِينَ	و ل ي	لـ	position_crosswalk	morpheme_aligned
q:52:47:4	52:47	52:47	4	w-s052-a047-w002	52:47:2	m-w-s052-a047-w002-02	لِلَّذِينَ	ل ل ذ	لـ	position_crosswalk	morpheme_aligned
q:52:47:6	52:47	52:47	6	w-s052-a047-w004	52:47:4	m-w-s052-a047-w004-01	عَذَابَاً	ع ذ ب		position_crosswalk	morpheme_aligned
q:52:47:7	52:47	52:47	7	w-s052-a047-w005	52:47:5	m-w-s052-a047-w005-01	دُونَ	د و ن		position_crosswalk	morpheme_aligned
q:52:47:8	52:47	52:47	8	w-s052-a047-w006	52:47:6	m-w-s052-a047-w006-01	ذَلِكَ			position_crosswalk	morpheme_aligned
q:52:47:10	52:47	52:47	10	w-s052-a047-w007	52:47:7	m-w-s052-a047-w007-02	وَلَكِنَّ	ل ك ن		position_crosswalk	morpheme_aligned
q:52:47:11	52:47	52:47	11	w-s052-a047-w008	52:47:8	m-w-s052-a047-w008-01	أَكْثَرَهُمْ	ك ث ر		position_crosswalk	morpheme_aligned
q:52:47:13	52:47	52:47	13	w-s052-a047-w010	52:47:10	m-w-s052-a047-w010-01	يَعْلَمُونَ	ع ل م		position_crosswalk	morpheme_aligned
q:52:48:2	52:48	52:48	2	w-s052-a048-w001	52:48:1	m-w-s052-a048-w001-02	وَاصْبِرْ	ص ب ر	لـ	position_crosswalk	morpheme_aligned
q:52:48:3	52:48	52:48	3	w-s052-a048-w002	52:48:2	m-w-s052-a048-w002-01			لـ	position_crosswalk	morpheme_aligned
q:52:48:4	52:48	52:48	4	w-s052-a048-w002	52:48:2	m-w-s052-a048-w002-02	لِحُكْمِ	ح ك م	لـ	position_crosswalk	morpheme_aligned
q:52:48:5	52:48	52:48	5	w-s052-a048-w003	52:48:3	m-w-s052-a048-w003-01	رَبِّكَ	ر ب ب		position_crosswalk	morpheme_aligned
q:52:48:7	52:48	52:48	7	w-s052-a048-w004	52:48:4	m-w-s052-a048-w004-02;m-w-s052-a048-w004-03	فَإِنَّكَ		بـ	position_crosswalk	morpheme_aligned
q:52:48:8	52:48	52:48	8	w-s052-a048-w005	52:48:5	m-w-s052-a048-w005-01	بِأَعْيُنِنَا		بـ	position_crosswalk	morpheme_aligned
q:52:48:9	52:48	52:48	9	w-s052-a048-w005	52:48:5	m-w-s052-a048-w005-02	بِأَعْيُنِنَا	ع ي ن	بـ	position_crosswalk	morpheme_aligned
q:52:48:11	52:48	52:48	11	w-s052-a048-w006	52:48:6	m-w-s052-a048-w006-02	وَسَبِّحْ	س ب ح	بـ	position_crosswalk	morpheme_aligned
q:52:48:12	52:48	52:48	12	w-s052-a048-w006	52:48:6	m-w-s052-a048-w006-02			بـ	surface_root_sequence_fallback	morpheme_aligned
q:52:48:13	52:48	52:48	13	w-s052-a048-w007	52:48:7	m-w-s052-a048-w007-02	بِحَمْدِ	ح م د	بـ	position_crosswalk	morpheme_aligned
q:52:48:14	52:48	52:48	14	w-s052-a048-w008	52:48:8	m-w-s052-a048-w008-01	رَبِّكَ	ر ب ب		position_crosswalk	morpheme_aligned
q:52:48:15	52:48	52:48	15	w-s052-a048-w009	52:48:9	m-w-s052-a048-w009-01	حِينَ	ح ي ن		position_crosswalk	morpheme_aligned
q:52:49:2	52:49	52:49	2	w-s052-a049-w001	52:49:1	m-w-s052-a049-w001-02			مِن	position_crosswalk	morpheme_aligned
q:52:49:3	52:49	52:49	3	w-s052-a049-w002	52:49:2	m-w-s052-a049-w002-02	اللَّيْلِ	ل ي ل	مِن	position_crosswalk	morpheme_aligned
q:52:49:5	52:49	52:49	5	w-s052-a049-w003	52:49:3	m-w-s052-a049-w003-02;m-w-s052-a049-w003-03	فَسَبِّحْهُ	س ب ح	مِن	position_crosswalk	morpheme_aligned
q:52:49:7	52:49	52:49	7	w-s052-a049-w004	52:49:4	m-w-s052-a049-w004-02	وَإِدْبَارَ	د ب ر		position_crosswalk	morpheme_aligned
q:52:49:8	52:49	52:49	8	w-s052-a049-w005	52:49:5	m-w-s052-a049-w005-02	النُّجُومِ	ن ج م		position_crosswalk	morpheme_aligned
