cooccurrence_id	ayah_ref	left_word_id	right_word_id	left_root	right_root	word_distance	root_distance_min	root_distance_max	local_pair_count	corpus_window_count	corpus_pair_count	source_pair_id
co-76_0-00001	76:0	w-s076-a000-w002	w-s076-a000-w003	ء ل ه	ر ح م	1	1	2	2	130	254	intra_ayah:1:1:root:1
co-76_0-00002	76:0	w-s076-a000-w002	w-s076-a000-w004	ء ل ه	ر ح م	2	1	2	2	130	254	intra_ayah:1:1:root:1
co-76_0-00003	76:0	w-s076-a000-w002	w-s076-a000-w001	ء ل ه	س م و	1	1	1	1	185	319	intra_ayah:1:1:root:2
co-76_0-00004	76:0	w-s076-a000-w003	w-s076-a000-w001	ر ح م	س م و	2	2	3	2	18	21	intra_ayah:1:1:root:3
co-76_0-00005	76:0	w-s076-a000-w004	w-s076-a000-w001	ر ح م	س م و	3	2	3	2	18	21	intra_ayah:1:1:root:3
co-76_1-00006	76:1	w-s076-a001-w002	w-s076-a001-w004	ء ت ي	ء ن س	2	1	1	1	10	13	intra_ayah:76:1:root:1
co-76_1-00007	76:1	w-s076-a001-w004	w-s076-a001-w010	ء ن س	ش ي ء	6	4	4	1	6	7	intra_ayah:76:1:root:10
co-76_1-00008	76:1	w-s076-a001-w004	w-s076-a001-w009	ء ن س	ك و ن	5	3	3	1	24	28	intra_ayah:76:1:root:11
co-76_1-00009	76:1	w-s076-a001-w005	w-s076-a001-w007	ح ي ن	د ه ر	2	1	1	1	1	1	intra_ayah:76:1:root:12
co-76_1-00010	76:1	w-s076-a001-w005	w-s076-a001-w011	ح ي ن	ذ ك ر	6	4	4	1	2	2	intra_ayah:76:1:root:13
co-76_1-00011	76:1	w-s076-a001-w005	w-s076-a001-w010	ح ي ن	ش ي ء	5	3	3	1	2	2	intra_ayah:76:1:root:14
co-76_1-00012	76:1	w-s076-a001-w005	w-s076-a001-w009	ح ي ن	ك و ن	4	2	2	1	5	5	intra_ayah:76:1:root:15
co-76_1-00013	76:1	w-s076-a001-w007	w-s076-a001-w011	د ه ر	ذ ك ر	4	3	3	1	1	1	intra_ayah:76:1:root:16
co-76_1-00014	76:1	w-s076-a001-w007	w-s076-a001-w010	د ه ر	ش ي ء	3	2	2	1	1	1	intra_ayah:76:1:root:17
co-76_1-00015	76:1	w-s076-a001-w007	w-s076-a001-w009	د ه ر	ك و ن	2	1	1	1	1	1	intra_ayah:76:1:root:18
co-76_1-00016	76:1	w-s076-a001-w011	w-s076-a001-w010	ذ ك ر	ش ي ء	1	1	1	1	22	28	intra_ayah:76:1:root:19
co-76_1-00017	76:1	w-s076-a001-w002	w-s076-a001-w005	ء ت ي	ح ي ن	3	2	2	1	3	4	intra_ayah:76:1:root:2
co-76_1-00018	76:1	w-s076-a001-w011	w-s076-a001-w009	ذ ك ر	ك و ن	2	2	2	1	50	70	intra_ayah:76:1:root:20
co-76_1-00019	76:1	w-s076-a001-w010	w-s076-a001-w009	ش ي ء	ك و ن	1	1	1	1	98	144	intra_ayah:76:1:root:21
co-76_1-00020	76:1	w-s076-a001-w002	w-s076-a001-w007	ء ت ي	د ه ر	5	3	3	1	1	1	intra_ayah:76:1:root:3
co-76_1-00021	76:1	w-s076-a001-w002	w-s076-a001-w011	ء ت ي	ذ ك ر	9	6	6	1	22	29	intra_ayah:76:1:root:4
co-76_1-00022	76:1	w-s076-a001-w002	w-s076-a001-w010	ء ت ي	ش ي ء	8	5	5	1	52	72	intra_ayah:76:1:root:5
co-76_1-00023	76:1	w-s076-a001-w002	w-s076-a001-w009	ء ت ي	ك و ن	7	4	4	1	122	164	intra_ayah:76:1:root:6
co-76_1-00024	76:1	w-s076-a001-w004	w-s076-a001-w005	ء ن س	ح ي ن	1	1	1	1	1	1	intra_ayah:76:1:root:7
co-76_1-00025	76:1	w-s076-a001-w004	w-s076-a001-w007	ء ن س	د ه ر	3	2	2	1	1	1	intra_ayah:76:1:root:8
co-76_1-00026	76:1	w-s076-a001-w004	w-s076-a001-w011	ء ن س	ذ ك ر	7	5	5	1	6	7	intra_ayah:76:1:root:9
co-76_2-00027	76:2	w-s076-a002-w003	w-s076-a002-w010	ء ن س	ب ص ر	7	6	6	1	3	3	intra_ayah:76:2:root:1
co-76_2-00028	76:2	w-s076-a002-w010	w-s076-a002-w002	ب ص ر	خ ل ق	8	7	7	1	6	10	intra_ayah:76:2:root:10
co-76_2-00029	76:2	w-s076-a002-w010	w-s076-a002-w009	ب ص ر	س م ع	1	1	1	1	37	43	intra_ayah:76:2:root:11
co-76_2-00030	76:2	w-s076-a002-w010	w-s076-a002-w006	ب ص ر	م ش ج	4	4	4	1	1	1	intra_ayah:76:2:root:12
co-76_2-00031	76:2	w-s076-a002-w010	w-s076-a002-w005	ب ص ر	ن ط ف	5	5	5	1	1	1	intra_ayah:76:2:root:13
co-76_2-00032	76:2	w-s076-a002-w007	w-s076-a002-w008	ب ل و	ج ع ل	1	1	1	1	5	6	intra_ayah:76:2:root:14
co-76_2-00033	76:2	w-s076-a002-w007	w-s076-a002-w002	ب ل و	خ ل ق	5	4	4	1	3	3	intra_ayah:76:2:root:15
co-76_2-00034	76:2	w-s076-a002-w007	w-s076-a002-w009	ب ل و	س م ع	2	2	2	1	3	4	intra_ayah:76:2:root:16
co-76_2-00035	76:2	w-s076-a002-w007	w-s076-a002-w006	ب ل و	م ش ج	1	1	1	1	1	1	intra_ayah:76:2:root:17
co-76_2-00036	76:2	w-s076-a002-w007	w-s076-a002-w005	ب ل و	ن ط ف	2	2	2	1	1	1	intra_ayah:76:2:root:18
co-76_2-00037	76:2	w-s076-a002-w008	w-s076-a002-w002	ج ع ل	خ ل ق	6	5	5	1	20	32	intra_ayah:76:2:root:19
co-76_2-00038	76:2	w-s076-a002-w003	w-s076-a002-w007	ء ن س	ب ل و	4	3	3	1	3	3	intra_ayah:76:2:root:2
co-76_2-00039	76:2	w-s076-a002-w008	w-s076-a002-w009	ج ع ل	س م ع	1	1	1	1	11	12	intra_ayah:76:2:root:20
co-76_2-00040	76:2	w-s076-a002-w008	w-s076-a002-w006	ج ع ل	م ش ج	2	2	2	1	1	1	intra_ayah:76:2:root:21
co-76_2-00041	76:2	w-s076-a002-w008	w-s076-a002-w005	ج ع ل	ن ط ف	3	3	3	1	3	3	intra_ayah:76:2:root:22
co-76_2-00042	76:2	w-s076-a002-w002	w-s076-a002-w009	خ ل ق	س م ع	7	6	6	1	4	4	intra_ayah:76:2:root:23
co-76_2-00043	76:2	w-s076-a002-w002	w-s076-a002-w006	خ ل ق	م ش ج	4	3	3	1	1	1	intra_ayah:76:2:root:24
co-76_2-00044	76:2	w-s076-a002-w002	w-s076-a002-w005	خ ل ق	ن ط ف	3	2	2	1	9	15	intra_ayah:76:2:root:25
co-76_2-00045	76:2	w-s076-a002-w009	w-s076-a002-w006	س م ع	م ش ج	3	3	3	1	1	1	intra_ayah:76:2:root:26
co-76_2-00046	76:2	w-s076-a002-w009	w-s076-a002-w005	س م ع	ن ط ف	4	4	4	1	1	1	intra_ayah:76:2:root:27
co-76_2-00047	76:2	w-s076-a002-w006	w-s076-a002-w005	م ش ج	ن ط ف	1	1	1	1	1	1	intra_ayah:76:2:root:28
co-76_2-00048	76:2	w-s076-a002-w003	w-s076-a002-w008	ء ن س	ج ع ل	5	4	4	1	5	5	intra_ayah:76:2:root:3
co-76_2-00049	76:2	w-s076-a002-w003	w-s076-a002-w002	ء ن س	خ ل ق	1	1	1	1	19	20	intra_ayah:76:2:root:4
co-76_2-00050	76:2	w-s076-a002-w003	w-s076-a002-w009	ء ن س	س م ع	6	5	5	1	2	2	intra_ayah:76:2:root:5
co-76_2-00051	76:2	w-s076-a002-w003	w-s076-a002-w006	ء ن س	م ش ج	3	2	2	1	1	1	intra_ayah:76:2:root:6
co-76_2-00052	76:2	w-s076-a002-w003	w-s076-a002-w005	ء ن س	ن ط ف	2	1	1	1	3	3	intra_ayah:76:2:root:7
co-76_2-00053	76:2	w-s076-a002-w010	w-s076-a002-w007	ب ص ر	ب ل و	3	3	3	1	1	1	intra_ayah:76:2:root:8
co-76_2-00054	76:2	w-s076-a002-w010	w-s076-a002-w008	ب ص ر	ج ع ل	2	2	2	1	18	20	intra_ayah:76:2:root:9
co-76_3-00055	76:3	w-s076-a003-w003	w-s076-a003-w005	س ب ل	ش ك ر	2	1	1	1	1	1	intra_ayah:76:3:root:1
co-76_3-00056	76:3	w-s076-a003-w003	w-s076-a003-w007	س ب ل	ك ف ر	4	2	2	1	31	42	intra_ayah:76:3:root:2
co-76_3-00057	76:3	w-s076-a003-w003	w-s076-a003-w002	س ب ل	ه د ي	1	1	1	1	29	31	intra_ayah:76:3:root:3
co-76_3-00058	76:3	w-s076-a003-w005	w-s076-a003-w007	ش ك ر	ك ف ر	2	1	1	1	7	16	intra_ayah:76:3:root:4
co-76_3-00059	76:3	w-s076-a003-w005	w-s076-a003-w002	ش ك ر	ه د ي	3	2	2	1	3	5	intra_ayah:76:3:root:5
co-76_3-00060	76:3	w-s076-a003-w007	w-s076-a003-w002	ك ف ر	ه د ي	5	3	3	1	29	36	intra_ayah:76:3:root:6
co-76_4-00061	76:4	w-s076-a004-w006	w-s076-a004-w004	س ع ر	س ل س ل	2	2	2	1	1	1	intra_ayah:76:4:root:1
co-76_4-00062	76:4	w-s076-a004-w005	w-s076-a004-w003	غ ل ل	ك ف ر	2	2	2	1	4	6	intra_ayah:76:4:root:10
co-76_4-00063	76:4	w-s076-a004-w006	w-s076-a004-w002	س ع ر	ع ت د	4	4	4	1	4	4	intra_ayah:76:4:root:2
co-76_4-00064	76:4	w-s076-a004-w006	w-s076-a004-w005	س ع ر	غ ل ل	1	1	1	1	1	1	intra_ayah:76:4:root:3
co-76_4-00065	76:4	w-s076-a004-w006	w-s076-a004-w003	س ع ر	ك ف ر	3	3	3	1	3	3	intra_ayah:76:4:root:4
co-76_4-00066	76:4	w-s076-a004-w004	w-s076-a004-w002	س ل س ل	ع ت د	2	2	2	1	1	1	intra_ayah:76:4:root:5
co-76_4-00067	76:4	w-s076-a004-w004	w-s076-a004-w005	س ل س ل	غ ل ل	1	1	1	1	2	2	intra_ayah:76:4:root:6
co-76_4-00068	76:4	w-s076-a004-w004	w-s076-a004-w003	س ل س ل	ك ف ر	1	1	1	1	1	1	intra_ayah:76:4:root:7
co-76_4-00069	76:4	w-s076-a004-w002	w-s076-a004-w005	ع ت د	غ ل ل	3	3	3	1	1	1	intra_ayah:76:4:root:8
co-76_4-00070	76:4	w-s076-a004-w002	w-s076-a004-w003	ع ت د	ك ف ر	1	1	1	1	8	10	intra_ayah:76:4:root:9
co-76_5-00071	76:5	w-s076-a005-w002	w-s076-a005-w003	ب ر ر	ش ر ب	1	1	1	1	1	1	intra_ayah:76:5:root:1
co-76_5-00072	76:5	w-s076-a005-w005	w-s076-a005-w008	ك ء س	ك ف ر	3	3	3	1	1	1	intra_ayah:76:5:root:10
co-76_5-00073	76:5	w-s076-a005-w005	w-s076-a005-w006	ك ء س	ك و ن	1	1	1	1	2	2	intra_ayah:76:5:root:11
co-76_5-00074	76:5	w-s076-a005-w005	w-s076-a005-w007	ك ء س	م ز ج	2	2	2	1	2	2	intra_ayah:76:5:root:12
co-76_5-00075	76:5	w-s076-a005-w008	w-s076-a005-w006	ك ف ر	ك و ن	2	2	2	1	123	172	intra_ayah:76:5:root:13
co-76_5-00076	76:5	w-s076-a005-w008	w-s076-a005-w007	ك ف ر	م ز ج	1	1	1	1	1	1	intra_ayah:76:5:root:14
co-76_5-00077	76:5	w-s076-a005-w006	w-s076-a005-w007	ك و ن	م ز ج	1	1	1	1	2	2	intra_ayah:76:5:root:15
co-76_5-00078	76:5	w-s076-a005-w002	w-s076-a005-w005	ب ر ر	ك ء س	3	2	2	1	1	1	intra_ayah:76:5:root:2
co-76_5-00079	76:5	w-s076-a005-w002	w-s076-a005-w008	ب ر ر	ك ف ر	6	5	5	1	4	4	intra_ayah:76:5:root:3
co-76_5-00080	76:5	w-s076-a005-w002	w-s076-a005-w006	ب ر ر	ك و ن	4	3	3	1	6	8	intra_ayah:76:5:root:4
co-76_5-00081	76:5	w-s076-a005-w002	w-s076-a005-w007	ب ر ر	م ز ج	5	4	4	1	1	1	intra_ayah:76:5:root:5
co-76_5-00082	76:5	w-s076-a005-w003	w-s076-a005-w005	ش ر ب	ك ء س	2	1	1	1	1	1	intra_ayah:76:5:root:6
co-76_5-00083	76:5	w-s076-a005-w003	w-s076-a005-w008	ش ر ب	ك ف ر	5	4	4	1	6	8	intra_ayah:76:5:root:7
co-76_5-00084	76:5	w-s076-a005-w003	w-s076-a005-w006	ش ر ب	ك و ن	3	2	2	1	8	8	intra_ayah:76:5:root:8
co-76_5-00085	76:5	w-s076-a005-w003	w-s076-a005-w007	ش ر ب	م ز ج	4	3	3	1	1	1	intra_ayah:76:5:root:9
co-76_6-00086	76:6	w-s076-a006-w005	w-s076-a006-w002	ء ل ه	ش ر ب	3	2	2	1	7	20	intra_ayah:76:6:root:1
co-76_6-00087	76:6	w-s076-a006-w001	w-s076-a006-w006	ع ي ن	ف ج ر	5	4	5	2	4	5	intra_ayah:76:6:root:10
co-76_6-00088	76:6	w-s076-a006-w001	w-s076-a006-w007	ع ي ن	ف ج ر	6	4	5	2	4	5	intra_ayah:76:6:root:10
co-76_6-00089	76:6	w-s076-a006-w005	w-s076-a006-w004	ء ل ه	ع ب د	1	1	1	1	134	221	intra_ayah:76:6:root:2
co-76_6-00090	76:6	w-s076-a006-w005	w-s076-a006-w001	ء ل ه	ع ي ن	4	3	3	1	9	18	intra_ayah:76:6:root:3
co-76_6-00091	76:6	w-s076-a006-w005	w-s076-a006-w006	ء ل ه	ف ج ر	1	1	2	2	5	11	intra_ayah:76:6:root:4
co-76_6-00092	76:6	w-s076-a006-w005	w-s076-a006-w007	ء ل ه	ف ج ر	2	1	2	2	5	11	intra_ayah:76:6:root:4
co-76_6-00093	76:6	w-s076-a006-w002	w-s076-a006-w004	ش ر ب	ع ب د	2	1	1	1	1	1	intra_ayah:76:6:root:5
co-76_6-00094	76:6	w-s076-a006-w002	w-s076-a006-w001	ش ر ب	ع ي ن	1	1	1	1	5	6	intra_ayah:76:6:root:6
co-76_6-00095	76:6	w-s076-a006-w002	w-s076-a006-w006	ش ر ب	ف ج ر	4	3	4	2	3	5	intra_ayah:76:6:root:7
co-76_6-00096	76:6	w-s076-a006-w002	w-s076-a006-w007	ش ر ب	ف ج ر	5	3	4	2	3	5	intra_ayah:76:6:root:7
co-76_6-00097	76:6	w-s076-a006-w004	w-s076-a006-w001	ع ب د	ع ي ن	3	2	2	1	1	1	intra_ayah:76:6:root:8
co-76_6-00098	76:6	w-s076-a006-w004	w-s076-a006-w006	ع ب د	ف ج ر	2	2	3	2	2	3	intra_ayah:76:6:root:9
co-76_6-00099	76:6	w-s076-a006-w004	w-s076-a006-w007	ع ب د	ف ج ر	3	2	3	2	2	3	intra_ayah:76:6:root:9
co-76_7-00100	76:7	w-s076-a007-w003	w-s076-a007-w006	خ و ف	ش ر ر	3	3	3	1	1	1	intra_ayah:76:7:root:1
co-76_7-00101	76:7	w-s076-a007-w006	w-s076-a007-w001	ش ر ر	و ف ي	5	5	5	1	1	1	intra_ayah:76:7:root:10
co-76_7-00102	76:7	w-s076-a007-w006	w-s076-a007-w004	ش ر ر	ي و م	2	2	2	1	3	3	intra_ayah:76:7:root:11
co-76_7-00103	76:7	w-s076-a007-w007	w-s076-a007-w005	ط ي ر	ك و ن	2	2	2	1	6	10	intra_ayah:76:7:root:12
co-76_7-00104	76:7	w-s076-a007-w007	w-s076-a007-w002	ط ي ر	ن ذ ر	5	5	5	1	1	1	intra_ayah:76:7:root:13
co-76_7-00105	76:7	w-s076-a007-w007	w-s076-a007-w001	ط ي ر	و ف ي	6	6	6	1	1	1	intra_ayah:76:7:root:14
co-76_7-00106	76:7	w-s076-a007-w007	w-s076-a007-w004	ط ي ر	ي و م	3	3	3	1	2	2	intra_ayah:76:7:root:15
co-76_7-00107	76:7	w-s076-a007-w005	w-s076-a007-w002	ك و ن	ن ذ ر	3	3	3	1	26	29	intra_ayah:76:7:root:16
co-76_7-00108	76:7	w-s076-a007-w005	w-s076-a007-w001	ك و ن	و ف ي	4	4	4	1	18	25	intra_ayah:76:7:root:17
co-76_7-00109	76:7	w-s076-a007-w005	w-s076-a007-w004	ك و ن	ي و م	1	1	1	1	92	120	intra_ayah:76:7:root:18
co-76_7-00110	76:7	w-s076-a007-w002	w-s076-a007-w001	ن ذ ر	و ف ي	1	1	1	1	2	2	intra_ayah:76:7:root:19
co-76_7-00111	76:7	w-s076-a007-w003	w-s076-a007-w007	خ و ف	ط ي ر	4	4	4	1	1	1	intra_ayah:76:7:root:2
co-76_7-00112	76:7	w-s076-a007-w002	w-s076-a007-w004	ن ذ ر	ي و م	2	2	2	1	11	13	intra_ayah:76:7:root:20
co-76_7-00113	76:7	w-s076-a007-w001	w-s076-a007-w004	و ف ي	ي و م	3	3	3	1	8	8	intra_ayah:76:7:root:21
co-76_7-00114	76:7	w-s076-a007-w003	w-s076-a007-w005	خ و ف	ك و ن	2	2	2	1	19	25	intra_ayah:76:7:root:3
co-76_7-00115	76:7	w-s076-a007-w003	w-s076-a007-w002	خ و ف	ن ذ ر	1	1	1	1	4	5	intra_ayah:76:7:root:4
co-76_7-00116	76:7	w-s076-a007-w003	w-s076-a007-w001	خ و ف	و ف ي	2	2	2	1	1	1	intra_ayah:76:7:root:5
co-76_7-00117	76:7	w-s076-a007-w003	w-s076-a007-w004	خ و ف	ي و م	1	1	1	1	19	20	intra_ayah:76:7:root:6
co-76_7-00118	76:7	w-s076-a007-w006	w-s076-a007-w007	ش ر ر	ط ي ر	1	1	1	1	1	1	intra_ayah:76:7:root:7
co-76_7-00119	76:7	w-s076-a007-w006	w-s076-a007-w005	ش ر ر	ك و ن	1	1	1	1	8	10	intra_ayah:76:7:root:8
co-76_7-00120	76:7	w-s076-a007-w006	w-s076-a007-w002	ش ر ر	ن ذ ر	4	4	4	1	1	1	intra_ayah:76:7:root:9
co-76_8-00121	76:8	w-s076-a008-w007	w-s076-a008-w004	ء س ر	ح ب ب	3	3	3	1	1	1	intra_ayah:76:8:root:1
co-76_8-00122	76:8	w-s076-a008-w001	w-s076-a008-w006	ط ع م	ي ت م	5	3	4	2	1	2	intra_ayah:76:8:root:10
co-76_8-00123	76:8	w-s076-a008-w002	w-s076-a008-w006	ط ع م	ي ت م	4	3	4	2	1	2	intra_ayah:76:8:root:10
co-76_8-00124	76:8	w-s076-a008-w007	w-s076-a008-w005	ء س ر	س ك ن	2	2	2	1	1	1	intra_ayah:76:8:root:2
co-76_8-00125	76:8	w-s076-a008-w007	w-s076-a008-w001	ء س ر	ط ع م	6	4	5	2	1	2	intra_ayah:76:8:root:3
co-76_8-00126	76:8	w-s076-a008-w007	w-s076-a008-w002	ء س ر	ط ع م	5	4	5	2	1	2	intra_ayah:76:8:root:3
co-76_8-00127	76:8	w-s076-a008-w007	w-s076-a008-w006	ء س ر	ي ت م	1	1	1	1	1	1	intra_ayah:76:8:root:4
co-76_8-00128	76:8	w-s076-a008-w004	w-s076-a008-w005	ح ب ب	س ك ن	1	1	1	1	5	5	intra_ayah:76:8:root:5
co-76_8-00129	76:8	w-s076-a008-w004	w-s076-a008-w001	ح ب ب	ط ع م	3	1	2	2	2	3	intra_ayah:76:8:root:6
co-76_8-00130	76:8	w-s076-a008-w004	w-s076-a008-w002	ح ب ب	ط ع م	2	1	2	2	2	3	intra_ayah:76:8:root:6
co-76_8-00131	76:8	w-s076-a008-w004	w-s076-a008-w006	ح ب ب	ي ت م	2	2	2	1	3	3	intra_ayah:76:8:root:7
co-76_8-00132	76:8	w-s076-a008-w005	w-s076-a008-w001	س ك ن	ط ع م	4	2	3	2	10	12	intra_ayah:76:8:root:8
co-76_8-00133	76:8	w-s076-a008-w005	w-s076-a008-w002	س ك ن	ط ع م	3	2	3	2	10	12	intra_ayah:76:8:root:8
co-76_8-00134	76:8	w-s076-a008-w005	w-s076-a008-w006	س ك ن	ي ت م	1	1	1	1	8	8	intra_ayah:76:8:root:9
co-76_9-00135	76:9	w-s076-a009-w004	w-s076-a009-w008	ء ل ه	ج ز ي	4	2	2	1	38	54	intra_ayah:76:9:root:1
co-76_9-00136	76:9	w-s076-a009-w006	w-s076-a009-w010	ر و د	ش ك ر	4	2	2	1	6	10	intra_ayah:76:9:root:10
co-76_9-00137	76:9	w-s076-a009-w006	w-s076-a009-w002	ر و د	ط ع م	4	3	3	1	3	4	intra_ayah:76:9:root:11
co-76_9-00138	76:9	w-s076-a009-w006	w-s076-a009-w003	ر و د	و ج ه	3	2	2	1	6	10	intra_ayah:76:9:root:12
co-76_9-00139	76:9	w-s076-a009-w010	w-s076-a009-w002	ش ك ر	ط ع م	8	5	5	1	3	4	intra_ayah:76:9:root:13
co-76_9-00140	76:9	w-s076-a009-w010	w-s076-a009-w003	ش ك ر	و ج ه	7	4	4	1	2	3	intra_ayah:76:9:root:14
co-76_9-00141	76:9	w-s076-a009-w002	w-s076-a009-w003	ط ع م	و ج ه	1	1	1	1	1	1	intra_ayah:76:9:root:15
co-76_9-00142	76:9	w-s076-a009-w004	w-s076-a009-w006	ء ل ه	ر و د	2	1	1	1	65	146	intra_ayah:76:9:root:2
co-76_9-00143	76:9	w-s076-a009-w004	w-s076-a009-w010	ء ل ه	ش ك ر	6	3	3	1	30	54	intra_ayah:76:9:root:3
co-76_9-00144	76:9	w-s076-a009-w004	w-s076-a009-w002	ء ل ه	ط ع م	2	2	2	1	17	40	intra_ayah:76:9:root:4
co-76_9-00145	76:9	w-s076-a009-w004	w-s076-a009-w003	ء ل ه	و ج ه	1	1	1	1	32	50	intra_ayah:76:9:root:5
co-76_9-00146	76:9	w-s076-a009-w008	w-s076-a009-w006	ج ز ي	ر و د	2	1	1	1	4	5	intra_ayah:76:9:root:6
co-76_9-00147	76:9	w-s076-a009-w008	w-s076-a009-w010	ج ز ي	ش ك ر	2	1	1	1	5	5	intra_ayah:76:9:root:7
co-76_9-00148	76:9	w-s076-a009-w008	w-s076-a009-w002	ج ز ي	ط ع م	6	4	4	1	3	3	intra_ayah:76:9:root:8
co-76_9-00149	76:9	w-s076-a009-w008	w-s076-a009-w003	ج ز ي	و ج ه	5	3	3	1	3	3	intra_ayah:76:9:root:9
co-76_10-00150	76:10	w-s076-a010-w002	w-s076-a010-w004	خ و ف	ر ب ب	2	1	1	1	32	34	intra_ayah:76:10:root:1
co-76_10-00151	76:10	w-s076-a010-w007	w-s076-a010-w005	ق م ط ر	ي و م	2	2	2	1	1	1	intra_ayah:76:10:root:10
co-76_10-00152	76:10	w-s076-a010-w002	w-s076-a010-w006	خ و ف	ع ب س	4	3	3	1	1	1	intra_ayah:76:10:root:2
co-76_10-00153	76:10	w-s076-a010-w002	w-s076-a010-w007	خ و ف	ق م ط ر	5	4	4	1	1	1	intra_ayah:76:10:root:3
co-76_10-00154	76:10	w-s076-a010-w002	w-s076-a010-w005	خ و ف	ي و م	3	2	2	1	19	20	intra_ayah:76:10:root:4
co-76_10-00155	76:10	w-s076-a010-w004	w-s076-a010-w006	ر ب ب	ع ب س	2	2	2	1	1	1	intra_ayah:76:10:root:5
co-76_10-00156	76:10	w-s076-a010-w004	w-s076-a010-w007	ر ب ب	ق م ط ر	3	3	3	1	1	1	intra_ayah:76:10:root:6
co-76_10-00157	76:10	w-s076-a010-w004	w-s076-a010-w005	ر ب ب	ي و م	1	1	1	1	43	54	intra_ayah:76:10:root:7
co-76_10-00158	76:10	w-s076-a010-w006	w-s076-a010-w007	ع ب س	ق م ط ر	1	1	1	1	1	1	intra_ayah:76:10:root:8
co-76_10-00159	76:10	w-s076-a010-w006	w-s076-a010-w005	ع ب س	ي و م	1	1	1	1	1	1	intra_ayah:76:10:root:9
co-76_11-00160	76:11	w-s076-a011-w002	w-s076-a011-w008	ء ل ه	س ر ر	6	5	5	1	18	23	intra_ayah:76:11:root:1
co-76_11-00161	76:11	w-s076-a011-w008	w-s076-a011-w001	س ر ر	و ق ي	7	6	6	1	1	1	intra_ayah:76:11:root:10
co-76_11-00162	76:11	w-s076-a011-w008	w-s076-a011-w005	س ر ر	ي و م	3	3	3	1	3	3	intra_ayah:76:11:root:11
co-76_11-00163	76:11	w-s076-a011-w003	w-s076-a011-w006	ش ر ر	ل ق ي	3	2	2	1	2	2	intra_ayah:76:11:root:12
co-76_11-00164	76:11	w-s076-a011-w003	w-s076-a011-w007	ش ر ر	ن ض ر	4	3	3	1	1	1	intra_ayah:76:11:root:13
co-76_11-00165	76:11	w-s076-a011-w003	w-s076-a011-w001	ش ر ر	و ق ي	2	2	2	1	1	1	intra_ayah:76:11:root:14
co-76_11-00166	76:11	w-s076-a011-w003	w-s076-a011-w005	ش ر ر	ي و م	2	1	1	1	3	3	intra_ayah:76:11:root:15
co-76_11-00167	76:11	w-s076-a011-w006	w-s076-a011-w007	ل ق ي	ن ض ر	1	1	1	1	1	1	intra_ayah:76:11:root:16
co-76_11-00168	76:11	w-s076-a011-w006	w-s076-a011-w001	ل ق ي	و ق ي	5	4	4	1	2	2	intra_ayah:76:11:root:17
co-76_11-00169	76:11	w-s076-a011-w006	w-s076-a011-w005	ل ق ي	ي و م	1	1	1	1	24	29	intra_ayah:76:11:root:18
co-76_11-00170	76:11	w-s076-a011-w007	w-s076-a011-w001	ن ض ر	و ق ي	6	5	5	1	1	1	intra_ayah:76:11:root:19
co-76_11-00171	76:11	w-s076-a011-w002	w-s076-a011-w003	ء ل ه	ش ر ر	1	1	1	1	9	14	intra_ayah:76:11:root:2
co-76_11-00172	76:11	w-s076-a011-w007	w-s076-a011-w005	ن ض ر	ي و م	2	2	2	1	1	1	intra_ayah:76:11:root:20
co-76_11-00173	76:11	w-s076-a011-w001	w-s076-a011-w005	و ق ي	ي و م	4	3	3	1	16	19	intra_ayah:76:11:root:21
co-76_11-00174	76:11	w-s076-a011-w002	w-s076-a011-w006	ء ل ه	ل ق ي	4	3	3	1	39	72	intra_ayah:76:11:root:3
co-76_11-00175	76:11	w-s076-a011-w002	w-s076-a011-w007	ء ل ه	ن ض ر	5	4	4	1	1	1	intra_ayah:76:11:root:4
co-76_11-00176	76:11	w-s076-a011-w002	w-s076-a011-w001	ء ل ه	و ق ي	1	1	1	1	135	258	intra_ayah:76:11:root:5
co-76_11-00177	76:11	w-s076-a011-w002	w-s076-a011-w005	ء ل ه	ي و م	3	2	2	1	125	226	intra_ayah:76:11:root:6
co-76_11-00178	76:11	w-s076-a011-w008	w-s076-a011-w003	س ر ر	ش ر ر	5	4	4	1	2	2	intra_ayah:76:11:root:7
co-76_11-00179	76:11	w-s076-a011-w008	w-s076-a011-w006	س ر ر	ل ق ي	2	2	2	1	2	2	intra_ayah:76:11:root:8
co-76_11-00180	76:11	w-s076-a011-w008	w-s076-a011-w007	س ر ر	ن ض ر	1	1	1	1	1	1	intra_ayah:76:11:root:9
co-76_12-00181	76:12	w-s076-a012-w001	w-s076-a012-w004	ج ز ي	ج ن ن	3	2	2	1	10	10	intra_ayah:76:12:root:1
co-76_12-00182	76:12	w-s076-a012-w001	w-s076-a012-w005	ج ز ي	ح ر ر	4	3	3	1	1	1	intra_ayah:76:12:root:2
co-76_12-00183	76:12	w-s076-a012-w001	w-s076-a012-w003	ج ز ي	ص ب ر	2	1	1	1	5	6	intra_ayah:76:12:root:3
co-76_12-00184	76:12	w-s076-a012-w004	w-s076-a012-w005	ج ن ن	ح ر ر	1	1	1	1	3	3	intra_ayah:76:12:root:4
co-76_12-00185	76:12	w-s076-a012-w004	w-s076-a012-w003	ج ن ن	ص ب ر	1	1	1	1	2	2	intra_ayah:76:12:root:5
co-76_12-00186	76:12	w-s076-a012-w005	w-s076-a012-w003	ح ر ر	ص ب ر	2	2	2	1	1	1	intra_ayah:76:12:root:6
co-76_13-00187	76:13	w-s076-a013-w004	w-s076-a013-w006	ء ر ك	ر ء ي	2	1	1	1	1	1	intra_ayah:76:13:root:1
co-76_13-00188	76:13	w-s076-a013-w008	w-s076-a013-w001	ش م س	و ك ء	7	3	3	1	1	1	intra_ayah:76:13:root:10
co-76_13-00189	76:13	w-s076-a013-w004	w-s076-a013-w010	ء ر ك	ز م ه ر	6	3	3	1	1	1	intra_ayah:76:13:root:2
co-76_13-00190	76:13	w-s076-a013-w004	w-s076-a013-w008	ء ر ك	ش م س	4	2	2	1	1	1	intra_ayah:76:13:root:3
co-76_13-00191	76:13	w-s076-a013-w004	w-s076-a013-w001	ء ر ك	و ك ء	3	1	1	1	3	3	intra_ayah:76:13:root:4
co-76_13-00192	76:13	w-s076-a013-w006	w-s076-a013-w010	ر ء ي	ز م ه ر	4	2	2	1	1	1	intra_ayah:76:13:root:5
co-76_13-00193	76:13	w-s076-a013-w006	w-s076-a013-w008	ر ء ي	ش م س	2	1	1	1	9	10	intra_ayah:76:13:root:6
co-76_13-00194	76:13	w-s076-a013-w006	w-s076-a013-w001	ر ء ي	و ك ء	5	2	2	1	2	2	intra_ayah:76:13:root:7
co-76_13-00195	76:13	w-s076-a013-w010	w-s076-a013-w008	ز م ه ر	ش م س	2	1	1	1	1	1	intra_ayah:76:13:root:8
co-76_13-00196	76:13	w-s076-a013-w010	w-s076-a013-w001	ز م ه ر	و ك ء	9	4	4	1	1	1	intra_ayah:76:13:root:9
co-76_14-00197	76:14	w-s076-a014-w001	w-s076-a014-w004	د ن و	ذ ل ل	3	2	4	2	3	4	intra_ayah:76:14:root:1
co-76_14-00198	76:14	w-s076-a014-w001	w-s076-a014-w006	د ن و	ذ ل ل	5	2	4	2	3	4	intra_ayah:76:14:root:1
co-76_14-00199	76:14	w-s076-a014-w001	w-s076-a014-w003	د ن و	ظ ل ل	2	1	1	1	1	1	intra_ayah:76:14:root:2
co-76_14-00200	76:14	w-s076-a014-w001	w-s076-a014-w005	د ن و	ق ط ف	4	3	3	1	2	2	intra_ayah:76:14:root:3
co-76_14-00201	76:14	w-s076-a014-w004	w-s076-a014-w003	ذ ل ل	ظ ل ل	1	1	3	2	1	2	intra_ayah:76:14:root:4
co-76_14-00202	76:14	w-s076-a014-w006	w-s076-a014-w003	ذ ل ل	ظ ل ل	3	1	3	2	1	2	intra_ayah:76:14:root:4
co-76_14-00203	76:14	w-s076-a014-w004	w-s076-a014-w005	ذ ل ل	ق ط ف	1	1	1	2	1	2	intra_ayah:76:14:root:5
co-76_14-00204	76:14	w-s076-a014-w006	w-s076-a014-w005	ذ ل ل	ق ط ف	1	1	1	2	1	2	intra_ayah:76:14:root:5
co-76_14-00205	76:14	w-s076-a014-w003	w-s076-a014-w005	ظ ل ل	ق ط ف	2	2	2	1	1	1	intra_ayah:76:14:root:6
co-76_15-00206	76:15	w-s076-a015-w003	w-s076-a015-w001	ء ن ي	ط و ف	2	1	1	1	2	2	intra_ayah:76:15:root:1
co-76_15-00207	76:15	w-s076-a015-w005	w-s076-a015-w008	ف ض ض	ق ر ر	3	3	3	1	2	2	intra_ayah:76:15:root:10
co-76_15-00208	76:15	w-s076-a015-w005	w-s076-a015-w006	ف ض ض	ك و ب	1	1	1	1	1	1	intra_ayah:76:15:root:11
co-76_15-00209	76:15	w-s076-a015-w005	w-s076-a015-w007	ف ض ض	ك و ن	2	2	2	1	3	3	intra_ayah:76:15:root:12
co-76_15-00210	76:15	w-s076-a015-w008	w-s076-a015-w006	ق ر ر	ك و ب	2	2	2	1	1	1	intra_ayah:76:15:root:13
co-76_15-00211	76:15	w-s076-a015-w008	w-s076-a015-w007	ق ر ر	ك و ن	1	1	1	1	6	6	intra_ayah:76:15:root:14
co-76_15-00212	76:15	w-s076-a015-w006	w-s076-a015-w007	ك و ب	ك و ن	1	1	1	1	1	1	intra_ayah:76:15:root:15
co-76_15-00213	76:15	w-s076-a015-w003	w-s076-a015-w005	ء ن ي	ف ض ض	2	1	1	1	1	1	intra_ayah:76:15:root:2
co-76_15-00214	76:15	w-s076-a015-w003	w-s076-a015-w008	ء ن ي	ق ر ر	5	4	4	1	1	1	intra_ayah:76:15:root:3
co-76_15-00215	76:15	w-s076-a015-w003	w-s076-a015-w006	ء ن ي	ك و ب	3	2	2	1	1	1	intra_ayah:76:15:root:4
co-76_15-00216	76:15	w-s076-a015-w003	w-s076-a015-w007	ء ن ي	ك و ن	4	3	3	1	11	18	intra_ayah:76:15:root:5
co-76_15-00217	76:15	w-s076-a015-w001	w-s076-a015-w005	ط و ف	ف ض ض	4	2	2	1	1	1	intra_ayah:76:15:root:6
co-76_15-00218	76:15	w-s076-a015-w001	w-s076-a015-w008	ط و ف	ق ر ر	7	5	5	1	1	1	intra_ayah:76:15:root:7
co-76_15-00219	76:15	w-s076-a015-w001	w-s076-a015-w006	ط و ف	ك و ب	5	3	3	1	2	2	intra_ayah:76:15:root:8
co-76_15-00220	76:15	w-s076-a015-w001	w-s076-a015-w007	ط و ف	ك و ن	6	4	4	1	15	29	intra_ayah:76:15:root:9
co-76_16-00221	76:16	w-s076-a016-w003	w-s076-a016-w004	ف ض ض	ق د ر	1	1	2	2	1	2	intra_ayah:76:16:root:1
co-76_16-00222	76:16	w-s076-a016-w003	w-s076-a016-w005	ف ض ض	ق د ر	2	1	2	2	1	2	intra_ayah:76:16:root:1
co-76_16-00223	76:16	w-s076-a016-w003	w-s076-a016-w001	ف ض ض	ق ر ر	2	1	1	1	2	2	intra_ayah:76:16:root:2
co-76_16-00224	76:16	w-s076-a016-w004	w-s076-a016-w001	ق د ر	ق ر ر	3	2	3	2	3	4	intra_ayah:76:16:root:3
co-76_16-00225	76:16	w-s076-a016-w005	w-s076-a016-w001	ق د ر	ق ر ر	4	2	3	2	3	4	intra_ayah:76:16:root:3
co-76_17-00226	76:17	w-s076-a017-w001	w-s076-a017-w003	س ق ي	ك ء س	2	1	1	1	1	1	intra_ayah:76:17:root:1
co-76_17-00227	76:17	w-s076-a017-w001	w-s076-a017-w004	س ق ي	ك و ن	3	2	2	1	2	2	intra_ayah:76:17:root:2
co-76_17-00228	76:17	w-s076-a017-w001	w-s076-a017-w005	س ق ي	م ز ج	4	3	3	1	1	1	intra_ayah:76:17:root:3
co-76_17-00229	76:17	w-s076-a017-w003	w-s076-a017-w004	ك ء س	ك و ن	1	1	1	1	2	2	intra_ayah:76:17:root:4
co-76_17-00230	76:17	w-s076-a017-w003	w-s076-a017-w005	ك ء س	م ز ج	2	2	2	1	2	2	intra_ayah:76:17:root:5
co-76_17-00231	76:17	w-s076-a017-w004	w-s076-a017-w005	ك و ن	م ز ج	1	1	1	1	2	2	intra_ayah:76:17:root:6
co-76_18-00232	76:18	w-s076-a018-w003	w-s076-a018-w001	س م و	ع ي ن	2	1	1	1	1	1	intra_ayah:76:18:root:1
co-76_19-00233	76:19	w-s076-a019-w007	w-s076-a019-w004	ح س ب	خ ل د	3	2	2	1	3	3	intra_ayah:76:19:root:1
co-76_19-00234	76:19	w-s076-a019-w004	w-s076-a019-w009	خ ل د	ن ث ر	5	4	4	1	1	1	intra_ayah:76:19:root:10
co-76_19-00235	76:19	w-s076-a019-w004	w-s076-a019-w003	خ ل د	و ل د	1	1	1	1	4	4	intra_ayah:76:19:root:11
co-76_19-00236	76:19	w-s076-a019-w006	w-s076-a019-w001	ر ء ي	ط و ف	5	3	3	1	1	1	intra_ayah:76:19:root:12
co-76_19-00237	76:19	w-s076-a019-w006	w-s076-a019-w008	ر ء ي	ل ء ل ء	2	2	2	1	1	1	intra_ayah:76:19:root:13
co-76_19-00238	76:19	w-s076-a019-w006	w-s076-a019-w009	ر ء ي	ن ث ر	3	3	3	1	1	1	intra_ayah:76:19:root:14
co-76_19-00239	76:19	w-s076-a019-w006	w-s076-a019-w003	ر ء ي	و ل د	3	2	2	1	4	4	intra_ayah:76:19:root:15
co-76_19-00240	76:19	w-s076-a019-w001	w-s076-a019-w008	ط و ف	ل ء ل ء	7	5	5	1	2	2	intra_ayah:76:19:root:16
co-76_19-00241	76:19	w-s076-a019-w001	w-s076-a019-w009	ط و ف	ن ث ر	8	6	6	1	1	1	intra_ayah:76:19:root:17
co-76_19-00242	76:19	w-s076-a019-w001	w-s076-a019-w003	ط و ف	و ل د	2	1	1	1	2	2	intra_ayah:76:19:root:18
co-76_19-00243	76:19	w-s076-a019-w008	w-s076-a019-w009	ل ء ل ء	ن ث ر	1	1	1	1	1	1	intra_ayah:76:19:root:19
co-76_19-00244	76:19	w-s076-a019-w007	w-s076-a019-w006	ح س ب	ر ء ي	1	1	1	1	9	9	intra_ayah:76:19:root:2
co-76_19-00245	76:19	w-s076-a019-w008	w-s076-a019-w003	ل ء ل ء	و ل د	5	4	4	1	1	1	intra_ayah:76:19:root:20
co-76_19-00246	76:19	w-s076-a019-w009	w-s076-a019-w003	ن ث ر	و ل د	6	5	5	1	1	1	intra_ayah:76:19:root:21
co-76_19-00247	76:19	w-s076-a019-w007	w-s076-a019-w001	ح س ب	ط و ف	6	4	4	1	1	1	intra_ayah:76:19:root:3
co-76_19-00248	76:19	w-s076-a019-w007	w-s076-a019-w008	ح س ب	ل ء ل ء	1	1	1	1	1	1	intra_ayah:76:19:root:4
co-76_19-00249	76:19	w-s076-a019-w007	w-s076-a019-w009	ح س ب	ن ث ر	2	2	2	1	1	1	intra_ayah:76:19:root:5
co-76_19-00250	76:19	w-s076-a019-w007	w-s076-a019-w003	ح س ب	و ل د	4	3	3	1	2	2	intra_ayah:76:19:root:6
co-76_19-00251	76:19	w-s076-a019-w004	w-s076-a019-w006	خ ل د	ر ء ي	2	1	1	1	3	3	intra_ayah:76:19:root:7
co-76_19-00252	76:19	w-s076-a019-w004	w-s076-a019-w001	خ ل د	ط و ف	3	2	2	1	3	3	intra_ayah:76:19:root:8
co-76_19-00253	76:19	w-s076-a019-w004	w-s076-a019-w008	خ ل د	ل ء ل ء	4	3	3	1	1	1	intra_ayah:76:19:root:9
co-76_20-00254	76:20	w-s076-a020-w002	w-s076-a020-w007	ر ء ي	ك ب ر	5	3	4	2	21	26	intra_ayah:76:20:root:1
co-76_20-00255	76:20	w-s076-a020-w004	w-s076-a020-w007	ر ء ي	ك ب ر	3	3	4	2	21	26	intra_ayah:76:20:root:1
co-76_20-00256	76:20	w-s076-a020-w002	w-s076-a020-w006	ر ء ي	م ل ك	4	2	3	2	14	18	intra_ayah:76:20:root:2
co-76_20-00257	76:20	w-s076-a020-w004	w-s076-a020-w006	ر ء ي	م ل ك	2	2	3	2	14	18	intra_ayah:76:20:root:2
co-76_20-00258	76:20	w-s076-a020-w002	w-s076-a020-w005	ر ء ي	ن ع م	3	1	2	2	8	10	intra_ayah:76:20:root:3
co-76_20-00259	76:20	w-s076-a020-w004	w-s076-a020-w005	ر ء ي	ن ع م	1	1	2	2	8	10	intra_ayah:76:20:root:3
co-76_20-00260	76:20	w-s076-a020-w007	w-s076-a020-w006	ك ب ر	م ل ك	1	1	1	1	10	12	intra_ayah:76:20:root:4
co-76_20-00261	76:20	w-s076-a020-w007	w-s076-a020-w005	ك ب ر	ن ع م	2	2	2	1	1	1	intra_ayah:76:20:root:5
co-76_20-00262	76:20	w-s076-a020-w006	w-s076-a020-w005	م ل ك	ن ع م	1	1	1	1	6	6	intra_ayah:76:20:root:6
co-76_21-00263	76:21	w-s076-a021-w002	w-s076-a021-w006	ث و ب	ح ل ي	4	2	2	1	2	3	intra_ayah:76:21:root:1
co-76_21-00264	76:21	w-s076-a021-w006	w-s076-a021-w004	ح ل ي	خ ض ر	2	1	1	1	2	2	intra_ayah:76:21:root:10
co-76_21-00265	76:21	w-s076-a021-w006	w-s076-a021-w011	ح ل ي	ر ب ب	5	4	4	1	1	1	intra_ayah:76:21:root:11
co-76_21-00266	76:21	w-s076-a021-w006	w-s076-a021-w010	ح ل ي	س ق ي	4	3	3	1	1	1	intra_ayah:76:21:root:12
co-76_21-00267	76:21	w-s076-a021-w006	w-s076-a021-w007	ح ل ي	س و ر	1	1	1	1	4	4	intra_ayah:76:21:root:13
co-76_21-00268	76:21	w-s076-a021-w006	w-s076-a021-w012	ح ل ي	ش ر ب	6	5	5	1	2	2	intra_ayah:76:21:root:14
co-76_21-00269	76:21	w-s076-a021-w006	w-s076-a021-w013	ح ل ي	ط ه ر	7	6	6	1	1	1	intra_ayah:76:21:root:15
co-76_21-00270	76:21	w-s076-a021-w006	w-s076-a021-w001	ح ل ي	ع ل و	5	3	3	1	1	1	intra_ayah:76:21:root:16
co-76_21-00271	76:21	w-s076-a021-w006	w-s076-a021-w009	ح ل ي	ف ض ض	3	2	2	1	1	1	intra_ayah:76:21:root:17
co-76_21-00272	76:21	w-s076-a021-w004	w-s076-a021-w011	خ ض ر	ر ب ب	7	5	5	1	1	1	intra_ayah:76:21:root:18
co-76_21-00273	76:21	w-s076-a021-w004	w-s076-a021-w010	خ ض ر	س ق ي	6	4	4	1	1	1	intra_ayah:76:21:root:19
co-76_21-00274	76:21	w-s076-a021-w002	w-s076-a021-w004	ث و ب	خ ض ر	2	1	1	1	2	3	intra_ayah:76:21:root:2
co-76_21-00275	76:21	w-s076-a021-w004	w-s076-a021-w007	خ ض ر	س و ر	3	2	2	1	2	2	intra_ayah:76:21:root:20
co-76_21-00276	76:21	w-s076-a021-w004	w-s076-a021-w012	خ ض ر	ش ر ب	8	6	6	1	1	1	intra_ayah:76:21:root:21
co-76_21-00277	76:21	w-s076-a021-w004	w-s076-a021-w013	خ ض ر	ط ه ر	9	7	7	1	1	1	intra_ayah:76:21:root:22
co-76_21-00278	76:21	w-s076-a021-w004	w-s076-a021-w001	خ ض ر	ع ل و	3	2	2	1	1	1	intra_ayah:76:21:root:23
co-76_21-00279	76:21	w-s076-a021-w004	w-s076-a021-w009	خ ض ر	ف ض ض	5	3	3	1	1	1	intra_ayah:76:21:root:24
co-76_21-00280	76:21	w-s076-a021-w011	w-s076-a021-w010	ر ب ب	س ق ي	1	1	1	1	4	4	intra_ayah:76:21:root:25
co-76_21-00281	76:21	w-s076-a021-w011	w-s076-a021-w007	ر ب ب	س و ر	4	3	3	1	1	1	intra_ayah:76:21:root:26
co-76_21-00282	76:21	w-s076-a021-w011	w-s076-a021-w012	ر ب ب	ش ر ب	1	1	1	1	4	4	intra_ayah:76:21:root:27
co-76_21-00283	76:21	w-s076-a021-w011	w-s076-a021-w013	ر ب ب	ط ه ر	2	2	2	1	2	2	intra_ayah:76:21:root:28
co-76_21-00284	76:21	w-s076-a021-w011	w-s076-a021-w001	ر ب ب	ع ل و	10	7	7	1	11	11	intra_ayah:76:21:root:29
co-76_21-00285	76:21	w-s076-a021-w002	w-s076-a021-w011	ث و ب	ر ب ب	9	6	6	1	5	6	intra_ayah:76:21:root:3
co-76_21-00286	76:21	w-s076-a021-w011	w-s076-a021-w009	ر ب ب	ف ض ض	2	2	2	1	1	1	intra_ayah:76:21:root:30
co-76_21-00287	76:21	w-s076-a021-w010	w-s076-a021-w007	س ق ي	س و ر	3	2	2	1	1	1	intra_ayah:76:21:root:31
co-76_21-00288	76:21	w-s076-a021-w010	w-s076-a021-w012	س ق ي	ش ر ب	2	2	2	1	5	6	intra_ayah:76:21:root:32
co-76_21-00289	76:21	w-s076-a021-w010	w-s076-a021-w013	س ق ي	ط ه ر	3	3	3	1	1	1	intra_ayah:76:21:root:33
co-76_21-00290	76:21	w-s076-a021-w010	w-s076-a021-w001	س ق ي	ع ل و	9	6	6	1	1	1	intra_ayah:76:21:root:34
co-76_21-00291	76:21	w-s076-a021-w010	w-s076-a021-w009	س ق ي	ف ض ض	1	1	1	1	1	1	intra_ayah:76:21:root:35
co-76_21-00292	76:21	w-s076-a021-w007	w-s076-a021-w012	س و ر	ش ر ب	5	4	4	1	1	1	intra_ayah:76:21:root:36
co-76_21-00293	76:21	w-s076-a021-w007	w-s076-a021-w013	س و ر	ط ه ر	6	5	5	1	1	1	intra_ayah:76:21:root:37
co-76_21-00294	76:21	w-s076-a021-w007	w-s076-a021-w001	س و ر	ع ل و	6	4	4	1	1	1	intra_ayah:76:21:root:38
co-76_21-00295	76:21	w-s076-a021-w007	w-s076-a021-w009	س و ر	ف ض ض	2	1	1	1	1	1	intra_ayah:76:21:root:39
co-76_21-00296	76:21	w-s076-a021-w002	w-s076-a021-w010	ث و ب	س ق ي	8	5	5	1	1	1	intra_ayah:76:21:root:4
co-76_21-00297	76:21	w-s076-a021-w012	w-s076-a021-w013	ش ر ب	ط ه ر	1	1	1	1	1	1	intra_ayah:76:21:root:40
co-76_21-00298	76:21	w-s076-a021-w012	w-s076-a021-w001	ش ر ب	ع ل و	11	8	8	1	1	1	intra_ayah:76:21:root:41
co-76_21-00299	76:21	w-s076-a021-w012	w-s076-a021-w009	ش ر ب	ف ض ض	3	3	3	1	1	1	intra_ayah:76:21:root:42
co-76_21-00300	76:21	w-s076-a021-w013	w-s076-a021-w001	ط ه ر	ع ل و	12	9	9	1	1	1	intra_ayah:76:21:root:43
co-76_21-00301	76:21	w-s076-a021-w013	w-s076-a021-w009	ط ه ر	ف ض ض	4	4	4	1	1	1	intra_ayah:76:21:root:44
co-76_21-00302	76:21	w-s076-a021-w001	w-s076-a021-w009	ع ل و	ف ض ض	8	5	5	1	1	1	intra_ayah:76:21:root:45
co-76_21-00303	76:21	w-s076-a021-w002	w-s076-a021-w007	ث و ب	س و ر	5	3	3	1	2	3	intra_ayah:76:21:root:5
co-76_21-00304	76:21	w-s076-a021-w002	w-s076-a021-w012	ث و ب	ش ر ب	10	7	7	1	1	1	intra_ayah:76:21:root:6
co-76_21-00305	76:21	w-s076-a021-w002	w-s076-a021-w013	ث و ب	ط ه ر	11	8	8	1	3	3	intra_ayah:76:21:root:7
co-76_21-00306	76:21	w-s076-a021-w002	w-s076-a021-w001	ث و ب	ع ل و	1	1	1	1	1	1	intra_ayah:76:21:root:8
co-76_21-00307	76:21	w-s076-a021-w002	w-s076-a021-w009	ث و ب	ف ض ض	7	4	4	1	1	1	intra_ayah:76:21:root:9
co-76_22-00308	76:22	w-s076-a022-w005	w-s076-a022-w007	ج ز ي	س ع ي	2	2	2	1	3	3	intra_ayah:76:22:root:1
co-76_22-00309	76:22	w-s076-a022-w005	w-s076-a022-w008	ج ز ي	ش ك ر	3	3	3	1	5	5	intra_ayah:76:22:root:2
co-76_22-00310	76:22	w-s076-a022-w005	w-s076-a022-w003	ج ز ي	ك و ن	2	1	1	2	41	46	intra_ayah:76:22:root:3
co-76_22-00311	76:22	w-s076-a022-w005	w-s076-a022-w006	ج ز ي	ك و ن	1	1	1	2	41	46	intra_ayah:76:22:root:3
co-76_22-00312	76:22	w-s076-a022-w007	w-s076-a022-w008	س ع ي	ش ك ر	1	1	1	1	2	4	intra_ayah:76:22:root:4
co-76_22-00313	76:22	w-s076-a022-w007	w-s076-a022-w003	س ع ي	ك و ن	4	1	3	2	4	7	intra_ayah:76:22:root:5
co-76_22-00314	76:22	w-s076-a022-w007	w-s076-a022-w006	س ع ي	ك و ن	1	1	3	2	4	7	intra_ayah:76:22:root:5
co-76_22-00315	76:22	w-s076-a022-w008	w-s076-a022-w003	ش ك ر	ك و ن	5	2	4	2	17	22	intra_ayah:76:22:root:6
co-76_22-00316	76:22	w-s076-a022-w008	w-s076-a022-w006	ش ك ر	ك و ن	2	2	4	2	17	22	intra_ayah:76:22:root:6
co-76_23-00317	76:23	w-s076-a023-w005	w-s076-a023-w003	ق ر ء	ن ز ل	2	1	1	2	13	17	intra_ayah:76:23:root:1
co-76_23-00318	76:23	w-s076-a023-w005	w-s076-a023-w006	ق ر ء	ن ز ل	1	1	1	2	13	17	intra_ayah:76:23:root:1
co-76_24-00319	76:24	w-s076-a024-w007	w-s076-a024-w002	ء ث م	ح ك م	5	3	3	1	3	3	intra_ayah:76:24:root:1
co-76_24-00320	76:24	w-s076-a024-w003	w-s076-a024-w001	ر ب ب	ص ب ر	2	2	2	1	23	27	intra_ayah:76:24:root:10
co-76_24-00321	76:24	w-s076-a024-w003	w-s076-a024-w005	ر ب ب	ط و ع	2	1	1	1	10	12	intra_ayah:76:24:root:11
co-76_24-00322	76:24	w-s076-a024-w003	w-s076-a024-w009	ر ب ب	ك ف ر	6	3	3	1	70	96	intra_ayah:76:24:root:12
co-76_24-00323	76:24	w-s076-a024-w001	w-s076-a024-w005	ص ب ر	ط و ع	4	3	3	1	9	10	intra_ayah:76:24:root:13
co-76_24-00324	76:24	w-s076-a024-w001	w-s076-a024-w009	ص ب ر	ك ف ر	8	5	5	1	4	4	intra_ayah:76:24:root:14
co-76_24-00325	76:24	w-s076-a024-w005	w-s076-a024-w009	ط و ع	ك ف ر	4	2	2	1	13	14	intra_ayah:76:24:root:15
co-76_24-00326	76:24	w-s076-a024-w007	w-s076-a024-w003	ء ث م	ر ب ب	4	2	2	1	6	6	intra_ayah:76:24:root:2
co-76_24-00327	76:24	w-s076-a024-w007	w-s076-a024-w001	ء ث م	ص ب ر	6	4	4	1	1	1	intra_ayah:76:24:root:3
co-76_24-00328	76:24	w-s076-a024-w007	w-s076-a024-w005	ء ث م	ط و ع	2	1	1	1	1	1	intra_ayah:76:24:root:4
co-76_24-00329	76:24	w-s076-a024-w007	w-s076-a024-w009	ء ث م	ك ف ر	2	1	1	1	5	5	intra_ayah:76:24:root:5
co-76_24-00330	76:24	w-s076-a024-w002	w-s076-a024-w003	ح ك م	ر ب ب	1	1	1	1	30	42	intra_ayah:76:24:root:6
co-76_24-00331	76:24	w-s076-a024-w002	w-s076-a024-w001	ح ك م	ص ب ر	1	1	1	1	6	8	intra_ayah:76:24:root:7
co-76_24-00332	76:24	w-s076-a024-w002	w-s076-a024-w005	ح ك م	ط و ع	3	2	2	1	5	5	intra_ayah:76:24:root:8
co-76_24-00333	76:24	w-s076-a024-w002	w-s076-a024-w009	ح ك م	ك ف ر	7	4	4	1	19	29	intra_ayah:76:24:root:9
co-76_25-00334	76:25	w-s076-a025-w005	w-s076-a025-w004	ء ص ل	ب ك ر	1	1	1	1	4	4	intra_ayah:76:25:root:1
co-76_25-00335	76:25	w-s076-a025-w003	w-s076-a025-w002	ر ب ب	س م و	1	1	1	1	61	77	intra_ayah:76:25:root:10
co-76_25-00336	76:25	w-s076-a025-w005	w-s076-a025-w001	ء ص ل	ذ ك ر	4	4	4	1	3	3	intra_ayah:76:25:root:2
co-76_25-00337	76:25	w-s076-a025-w005	w-s076-a025-w003	ء ص ل	ر ب ب	2	2	2	1	2	2	intra_ayah:76:25:root:3
co-76_25-00338	76:25	w-s076-a025-w005	w-s076-a025-w002	ء ص ل	س م و	3	3	3	1	4	4	intra_ayah:76:25:root:4
co-76_25-00339	76:25	w-s076-a025-w004	w-s076-a025-w001	ب ك ر	ذ ك ر	3	3	3	1	2	2	intra_ayah:76:25:root:5
co-76_25-00340	76:25	w-s076-a025-w004	w-s076-a025-w003	ب ك ر	ر ب ب	1	1	1	1	5	6	intra_ayah:76:25:root:6
co-76_25-00341	76:25	w-s076-a025-w004	w-s076-a025-w002	ب ك ر	س م و	2	2	2	1	1	1	intra_ayah:76:25:root:7
co-76_25-00342	76:25	w-s076-a025-w001	w-s076-a025-w003	ذ ك ر	ر ب ب	2	2	2	1	48	61	intra_ayah:76:25:root:8
co-76_25-00343	76:25	w-s076-a025-w001	w-s076-a025-w002	ذ ك ر	س م و	1	1	1	1	24	25	intra_ayah:76:25:root:9
co-76_26-00344	76:26	w-s076-a026-w005	w-s076-a026-w003	س ب ح	س ج د	2	1	1	1	6	7	intra_ayah:76:26:root:1
co-76_26-00345	76:26	w-s076-a026-w005	w-s076-a026-w007	س ب ح	ط و ل	2	2	2	1	2	2	intra_ayah:76:26:root:2
co-76_26-00346	76:26	w-s076-a026-w005	w-s076-a026-w002	س ب ح	ل ي ل	3	1	2	2	9	11	intra_ayah:76:26:root:3
co-76_26-00347	76:26	w-s076-a026-w005	w-s076-a026-w006	س ب ح	ل ي ل	1	1	2	2	9	11	intra_ayah:76:26:root:3
co-76_26-00348	76:26	w-s076-a026-w003	w-s076-a026-w007	س ج د	ط و ل	4	3	3	1	1	1	intra_ayah:76:26:root:4
co-76_26-00349	76:26	w-s076-a026-w003	w-s076-a026-w002	س ج د	ل ي ل	1	1	2	2	7	11	intra_ayah:76:26:root:5
co-76_26-00350	76:26	w-s076-a026-w003	w-s076-a026-w006	س ج د	ل ي ل	3	1	2	2	7	11	intra_ayah:76:26:root:5
co-76_26-00351	76:26	w-s076-a026-w007	w-s076-a026-w002	ط و ل	ل ي ل	5	1	4	2	1	2	intra_ayah:76:26:root:6
co-76_26-00352	76:26	w-s076-a026-w007	w-s076-a026-w006	ط و ل	ل ي ل	1	1	4	2	1	2	intra_ayah:76:26:root:6
co-76_27-00353	76:27	w-s076-a027-w008	w-s076-a027-w003	ث ق ل	ح ب ب	5	5	5	1	3	3	intra_ayah:76:27:root:1
co-76_27-00354	76:27	w-s076-a027-w004	w-s076-a027-w005	ع ج ل	و ذ ر	1	1	1	1	2	3	intra_ayah:76:27:root:10
co-76_27-00355	76:27	w-s076-a027-w004	w-s076-a027-w006	ع ج ل	و ر ي	2	2	2	1	1	1	intra_ayah:76:27:root:11
co-76_27-00356	76:27	w-s076-a027-w004	w-s076-a027-w007	ع ج ل	ي و م	3	3	3	1	5	6	intra_ayah:76:27:root:12
co-76_27-00357	76:27	w-s076-a027-w005	w-s076-a027-w006	و ذ ر	و ر ي	1	1	1	1	1	1	intra_ayah:76:27:root:13
co-76_27-00358	76:27	w-s076-a027-w005	w-s076-a027-w007	و ذ ر	ي و م	2	2	2	1	5	5	intra_ayah:76:27:root:14
co-76_27-00359	76:27	w-s076-a027-w006	w-s076-a027-w007	و ر ي	ي و م	1	1	1	1	3	3	intra_ayah:76:27:root:15
co-76_27-00360	76:27	w-s076-a027-w008	w-s076-a027-w004	ث ق ل	ع ج ل	4	4	4	1	1	1	intra_ayah:76:27:root:2
co-76_27-00361	76:27	w-s076-a027-w008	w-s076-a027-w005	ث ق ل	و ذ ر	3	3	3	1	1	1	intra_ayah:76:27:root:3
co-76_27-00362	76:27	w-s076-a027-w008	w-s076-a027-w006	ث ق ل	و ر ي	2	2	2	1	1	1	intra_ayah:76:27:root:4
co-76_27-00363	76:27	w-s076-a027-w008	w-s076-a027-w007	ث ق ل	ي و م	1	1	1	1	3	5	intra_ayah:76:27:root:5
co-76_27-00364	76:27	w-s076-a027-w003	w-s076-a027-w004	ح ب ب	ع ج ل	1	1	1	1	2	2	intra_ayah:76:27:root:6
co-76_27-00365	76:27	w-s076-a027-w003	w-s076-a027-w005	ح ب ب	و ذ ر	2	2	2	1	1	1	intra_ayah:76:27:root:7
co-76_27-00366	76:27	w-s076-a027-w003	w-s076-a027-w006	ح ب ب	و ر ي	3	3	3	1	2	3	intra_ayah:76:27:root:8
co-76_27-00367	76:27	w-s076-a027-w003	w-s076-a027-w007	ح ب ب	ي و م	4	4	4	1	7	8	intra_ayah:76:27:root:9
co-76_28-00368	76:28	w-s076-a028-w004	w-s076-a028-w007	ء س ر	ب د ل	3	2	4	2	1	2	intra_ayah:76:28:root:1
co-76_28-00369	76:28	w-s076-a028-w004	w-s076-a028-w009	ء س ر	ب د ل	5	2	4	2	1	2	intra_ayah:76:28:root:1
co-76_28-00370	76:28	w-s076-a028-w002	w-s076-a028-w003	خ ل ق	ش د د	1	1	1	1	8	15	intra_ayah:76:28:root:10
co-76_28-00371	76:28	w-s076-a028-w002	w-s076-a028-w006	خ ل ق	ش ي ء	4	3	3	1	41	70	intra_ayah:76:28:root:11
co-76_28-00372	76:28	w-s076-a028-w002	w-s076-a028-w008	خ ل ق	م ث ل	6	5	5	1	11	15	intra_ayah:76:28:root:12
co-76_28-00373	76:28	w-s076-a028-w003	w-s076-a028-w006	ش د د	ش ي ء	3	2	2	1	6	7	intra_ayah:76:28:root:13
co-76_28-00374	76:28	w-s076-a028-w003	w-s076-a028-w008	ش د د	م ث ل	5	4	4	1	7	8	intra_ayah:76:28:root:14
co-76_28-00375	76:28	w-s076-a028-w006	w-s076-a028-w008	ش ي ء	م ث ل	2	2	2	1	29	39	intra_ayah:76:28:root:15
co-76_28-00376	76:28	w-s076-a028-w004	w-s076-a028-w002	ء س ر	خ ل ق	2	2	2	1	1	1	intra_ayah:76:28:root:2
co-76_28-00377	76:28	w-s076-a028-w004	w-s076-a028-w003	ء س ر	ش د د	1	1	1	1	2	2	intra_ayah:76:28:root:3
co-76_28-00378	76:28	w-s076-a028-w004	w-s076-a028-w006	ء س ر	ش ي ء	2	1	1	1	1	1	intra_ayah:76:28:root:4
co-76_28-00379	76:28	w-s076-a028-w004	w-s076-a028-w008	ء س ر	م ث ل	4	3	3	1	1	1	intra_ayah:76:28:root:5
co-76_28-00380	76:28	w-s076-a028-w007	w-s076-a028-w002	ب د ل	خ ل ق	5	4	6	2	2	3	intra_ayah:76:28:root:6
co-76_28-00381	76:28	w-s076-a028-w009	w-s076-a028-w002	ب د ل	خ ل ق	7	4	6	2	2	3	intra_ayah:76:28:root:6
co-76_28-00382	76:28	w-s076-a028-w007	w-s076-a028-w003	ب د ل	ش د د	4	3	5	2	2	3	intra_ayah:76:28:root:7
co-76_28-00383	76:28	w-s076-a028-w009	w-s076-a028-w003	ب د ل	ش د د	6	3	5	2	2	3	intra_ayah:76:28:root:7
co-76_28-00384	76:28	w-s076-a028-w007	w-s076-a028-w006	ب د ل	ش ي ء	1	1	3	2	6	8	intra_ayah:76:28:root:8
co-76_28-00385	76:28	w-s076-a028-w009	w-s076-a028-w006	ب د ل	ش ي ء	3	1	3	2	6	8	intra_ayah:76:28:root:8
co-76_28-00386	76:28	w-s076-a028-w007	w-s076-a028-w008	ب د ل	م ث ل	1	1	1	2	3	4	intra_ayah:76:28:root:9
co-76_28-00387	76:28	w-s076-a028-w009	w-s076-a028-w008	ب د ل	م ث ل	1	1	1	2	3	4	intra_ayah:76:28:root:9
co-76_29-00388	76:29	w-s076-a029-w006	w-s076-a029-w003	ء خ ذ	ذ ك ر	3	2	2	1	17	22	intra_ayah:76:29:root:1
co-76_29-00389	76:29	w-s076-a029-w009	w-s076-a029-w005	س ب ل	ش ي ء	4	3	3	1	16	17	intra_ayah:76:29:root:10
co-76_29-00390	76:29	w-s076-a029-w006	w-s076-a029-w008	ء خ ذ	ر ب ب	2	1	1	1	35	44	intra_ayah:76:29:root:2
co-76_29-00391	76:29	w-s076-a029-w006	w-s076-a029-w009	ء خ ذ	س ب ل	3	2	2	1	18	29	intra_ayah:76:29:root:3
co-76_29-00392	76:29	w-s076-a029-w006	w-s076-a029-w005	ء خ ذ	ش ي ء	1	1	1	1	26	34	intra_ayah:76:29:root:4
co-76_29-00393	76:29	w-s076-a029-w003	w-s076-a029-w008	ذ ك ر	ر ب ب	5	3	3	1	48	61	intra_ayah:76:29:root:5
co-76_29-00394	76:29	w-s076-a029-w003	w-s076-a029-w009	ذ ك ر	س ب ل	6	4	4	1	5	5	intra_ayah:76:29:root:6
co-76_29-00395	76:29	w-s076-a029-w003	w-s076-a029-w005	ذ ك ر	ش ي ء	2	1	1	1	22	28	intra_ayah:76:29:root:7
co-76_29-00396	76:29	w-s076-a029-w008	w-s076-a029-w009	ر ب ب	س ب ل	1	1	1	1	23	30	intra_ayah:76:29:root:8
co-76_29-00397	76:29	w-s076-a029-w008	w-s076-a029-w005	ر ب ب	ش ي ء	3	2	2	1	75	109	intra_ayah:76:29:root:9
co-76_30-00398	76:30	w-s076-a030-w006	w-s076-a030-w011	ء ل ه	ح ك م	5	3	4	2	127	252	intra_ayah:76:30:root:1
co-76_30-00399	76:30	w-s076-a030-w008	w-s076-a030-w011	ء ل ه	ح ك م	3	3	4	2	127	252	intra_ayah:76:30:root:1
co-76_30-00400	76:30	w-s076-a030-w010	w-s076-a030-w009	ع ل م	ك و ن	1	1	1	1	157	243	intra_ayah:76:30:root:10
co-76_30-00401	76:30	w-s076-a030-w006	w-s076-a030-w002	ء ل ه	ش ي ء	4	1	3	4	282	596	intra_ayah:76:30:root:2
co-76_30-00402	76:30	w-s076-a030-w006	w-s076-a030-w005	ء ل ه	ش ي ء	1	1	3	4	282	596	intra_ayah:76:30:root:2
co-76_30-00403	76:30	w-s076-a030-w008	w-s076-a030-w002	ء ل ه	ش ي ء	6	1	3	4	282	596	intra_ayah:76:30:root:2
co-76_30-00404	76:30	w-s076-a030-w008	w-s076-a030-w005	ء ل ه	ش ي ء	3	1	3	4	282	596	intra_ayah:76:30:root:2
co-76_30-00405	76:30	w-s076-a030-w006	w-s076-a030-w010	ء ل ه	ع ل م	4	2	3	2	408	878	intra_ayah:76:30:root:3
co-76_30-00406	76:30	w-s076-a030-w008	w-s076-a030-w010	ء ل ه	ع ل م	2	2	3	2	408	878	intra_ayah:76:30:root:3
co-76_30-00407	76:30	w-s076-a030-w006	w-s076-a030-w009	ء ل ه	ك و ن	3	1	2	2	441	974	intra_ayah:76:30:root:4
co-76_30-00408	76:30	w-s076-a030-w008	w-s076-a030-w009	ء ل ه	ك و ن	1	1	2	2	441	974	intra_ayah:76:30:root:4
co-76_30-00409	76:30	w-s076-a030-w011	w-s076-a030-w002	ح ك م	ش ي ء	9	5	6	2	22	28	intra_ayah:76:30:root:5
co-76_30-00410	76:30	w-s076-a030-w011	w-s076-a030-w005	ح ك م	ش ي ء	6	5	6	2	22	28	intra_ayah:76:30:root:5
co-76_30-00411	76:30	w-s076-a030-w011	w-s076-a030-w010	ح ك م	ع ل م	1	1	1	1	71	94	intra_ayah:76:30:root:6
co-76_30-00412	76:30	w-s076-a030-w011	w-s076-a030-w009	ح ك م	ك و ن	2	2	2	1	48	74	intra_ayah:76:30:root:7
co-76_30-00413	76:30	w-s076-a030-w002	w-s076-a030-w010	ش ي ء	ع ل م	8	4	5	2	95	157	intra_ayah:76:30:root:8
co-76_30-00414	76:30	w-s076-a030-w005	w-s076-a030-w010	ش ي ء	ع ل م	5	4	5	2	95	157	intra_ayah:76:30:root:8
co-76_30-00415	76:30	w-s076-a030-w002	w-s076-a030-w009	ش ي ء	ك و ن	7	3	4	2	98	144	intra_ayah:76:30:root:9
co-76_30-00416	76:30	w-s076-a030-w005	w-s076-a030-w009	ش ي ء	ك و ن	4	3	4	2	98	144	intra_ayah:76:30:root:9
co-76_31-00417	76:31	w-s076-a031-w010	w-s076-a031-w001	ء ل م	د خ ل	9	6	6	1	3	3	intra_ayah:76:31:root:1
co-76_31-00418	76:31	w-s076-a031-w001	w-s076-a031-w007	د خ ل	ع د د	6	4	4	1	1	1	intra_ayah:76:31:root:10
co-76_31-00419	76:31	w-s076-a031-w001	w-s076-a031-w009	د خ ل	ع ذ ب	8	5	5	1	8	11	intra_ayah:76:31:root:11
co-76_31-00420	76:31	w-s076-a031-w005	w-s076-a031-w003	ر ح م	ش ي ء	2	1	1	1	37	48	intra_ayah:76:31:root:12
co-76_31-00421	76:31	w-s076-a031-w005	w-s076-a031-w006	ر ح م	ظ ل م	1	1	1	1	17	18	intra_ayah:76:31:root:13
co-76_31-00422	76:31	w-s076-a031-w005	w-s076-a031-w007	ر ح م	ع د د	2	2	2	1	2	2	intra_ayah:76:31:root:14
co-76_31-00423	76:31	w-s076-a031-w005	w-s076-a031-w009	ر ح م	ع ذ ب	4	3	3	1	25	27	intra_ayah:76:31:root:15
co-76_31-00424	76:31	w-s076-a031-w003	w-s076-a031-w006	ش ي ء	ظ ل م	3	2	2	1	25	33	intra_ayah:76:31:root:16
co-76_31-00425	76:31	w-s076-a031-w003	w-s076-a031-w007	ش ي ء	ع د د	4	3	3	1	6	7	intra_ayah:76:31:root:17
co-76_31-00426	76:31	w-s076-a031-w003	w-s076-a031-w009	ش ي ء	ع ذ ب	6	4	4	1	25	41	intra_ayah:76:31:root:18
co-76_31-00427	76:31	w-s076-a031-w006	w-s076-a031-w007	ظ ل م	ع د د	1	1	1	1	5	6	intra_ayah:76:31:root:19
co-76_31-00428	76:31	w-s076-a031-w010	w-s076-a031-w005	ء ل م	ر ح م	5	4	4	1	6	6	intra_ayah:76:31:root:2
co-76_31-00429	76:31	w-s076-a031-w006	w-s076-a031-w009	ظ ل م	ع ذ ب	3	2	2	1	29	34	intra_ayah:76:31:root:20
co-76_31-00430	76:31	w-s076-a031-w007	w-s076-a031-w009	ع د د	ع ذ ب	2	1	1	1	10	10	intra_ayah:76:31:root:21
co-76_31-00431	76:31	w-s076-a031-w010	w-s076-a031-w003	ء ل م	ش ي ء	7	5	5	1	6	7	intra_ayah:76:31:root:3
co-76_31-00432	76:31	w-s076-a031-w010	w-s076-a031-w006	ء ل م	ظ ل م	4	3	3	1	8	8	intra_ayah:76:31:root:4
co-76_31-00433	76:31	w-s076-a031-w010	w-s076-a031-w007	ء ل م	ع د د	3	2	2	1	2	2	intra_ayah:76:31:root:5
co-76_31-00434	76:31	w-s076-a031-w010	w-s076-a031-w009	ء ل م	ع ذ ب	1	1	1	1	70	79	intra_ayah:76:31:root:6
co-76_31-00435	76:31	w-s076-a031-w001	w-s076-a031-w005	د خ ل	ر ح م	4	2	2	1	13	17	intra_ayah:76:31:root:7
co-76_31-00436	76:31	w-s076-a031-w001	w-s076-a031-w003	د خ ل	ش ي ء	2	1	1	1	16	21	intra_ayah:76:31:root:8
co-76_31-00437	76:31	w-s076-a031-w001	w-s076-a031-w006	د خ ل	ظ ل م	5	3	3	1	10	10	intra_ayah:76:31:root:9
