path	bytes	sha256	stage
/Users/ahmetrasit/projects/latent_activation/v2.1/run/103/with-source-phrase/inputs/input-summary.json	1461	cf580585667e94a130dc73497651e80e97321aaa9c48d1b6695e11b80a88a2ec	MANUAL_AGENT_INPUT
/Users/ahmetrasit/projects/latent_activation/v2.1/run/103/with-source-phrase/inputs/lexical-branches.jsonl	47368	cb1a26b286ca2290bfeb7b0dbf455cb24bef0f1c1d6a1797adb919ad003098ff	MANUAL_AGENT_INPUT
/Users/ahmetrasit/projects/latent_activation/v2.1/run/103/with-source-phrase/inputs/morphology.tsv	4531	810d95b6e2844774b8ef83f95083c222ed7c1d708a64cf2bf8714deadf31546e	MANUAL_AGENT_INPUT
/Users/ahmetrasit/projects/latent_activation/v2.1/run/103/with-source-phrase/inputs/passage-arabic.txt	327	d2395f3d5d9528aa2606d11926308401e97518116e98ac94c2000d84ace6ad80	MANUAL_AGENT_INPUT
/Users/ahmetrasit/projects/latent_activation/v2.1/run/103/with-source-phrase/inputs/primary-scaffold.md	882	b54ebc7e9a4cefdc3c14001b618ad779deb7b046ad842f1f46973c5c73ec743a	MANUAL_AGENT_INPUT
/Users/ahmetrasit/projects/latent_activation/v2.1/run/103/with-source-phrase/inputs/run-card.json	1324	80e076da8a52dabe0429c5ceb1b8077079fa40b5b4f0a32a0a1e937aad2466ad	MANUAL_AGENT_INPUT
/Users/ahmetrasit/projects/latent_activation/v2.1/run/103/with-source-phrase/inputs/run-card.md	446	a9fa71da9f688bd2b256f433197281bdf1ab42ba093e98c2aedcd9f853d4890f	MANUAL_AGENT_INPUT
/Users/ahmetrasit/projects/latent_activation/v2.1/run/103/with-source-phrase/inputs/source-manifest.json	7810	1d22047c39092b27378bd362d8dab317a1fd998c589fb39a46e5429a415a3d6c	MANUAL_AGENT_INPUT
/Users/ahmetrasit/projects/latent_activation/v2.1/run/103/with-source-phrase/inputs/source-manifest.md	1738	af6664a409971e514328ffba35fa859c6b18a36f0b461d59468c87488f866ae3	MANUAL_AGENT_INPUT
/Users/ahmetrasit/projects/latent_activation/v2.1/run/103/with-source-phrase/inputs/syntax.tsv	3362	146e639a45a19640148ceb34d34ce3d03d761f93c4ae0b5f43ccdb83315ee519	MANUAL_AGENT_INPUT
