syntax_edge_id	attachment_edge_id	ayah_ref	source_word_id	target_word_id	prep_word_id	source_morpheme_id	target_morpheme_id	prep_morpheme_id	source_qac_ref	target_qac_ref	prep_qac_ref	source_attachment_unit_id	target_attachment_unit_id	prep_attachment_unit_id	source_position	target_position	prep_position	relation	status	confidence	source_part	target_part	source_form_tag	target_form_tag	object_type	prep_base	binding_status	evidence	reason	source_pointer
sx-73_0-00001	ae:v3:s001:001:pass1:attach:a1	73:0	w-s073-a000-w001	w-s073-a000-w001	w-s073-a000-w001	m-w-s073-a000-w001-01	m-w-s073-a000-w001-02	m-w-s073-a000-w001-01	1:1:1:1	1:1:1:2	1:1:1:1	q:1:1:1	q:1:1:2	q:1:1:1	1	2	1	prep_complement	strongly_licensed	high			PREP	NOUN_ABSTRACT		بـ	position_morpheme_aligned	case_government;formulaic_construction	سْمِ is governed by the prefixed بِ in the formula بِسْمِ.	resources/attachments.tsv:2
sx-73_0-00002	ae:v3:s001:001:pass1:attach:a2	73:0	w-s073-a000-w001	w-s073-a000-w002		m-w-s073-a000-w001-02	m-w-s073-a000-w002-01		1:1:1:2	1:1:2:1		q:1:1:2	q:1:1:3		2	3		idafa	syntactically_forced	high			NOUN_ABSTRACT	NOUN_PROP			position_morpheme_aligned	case_government;local_syntax	ٱللَّهِ is the genitive muḍāf ilayhi of سْمِ.	resources/attachments.tsv:3
sx-73_0-00003	ae:v3:s001:001:pass1:attach:a3	73:0	w-s073-a000-w002	w-s073-a000-w003		m-w-s073-a000-w002-01	m-w-s073-a000-w003-02		1:1:2:1	1:1:3:2		q:1:1:3	q:1:1:4		3	4		adjective	strongly_licensed	high			NOUN_PROP	NOUN_PROP			position_morpheme_aligned	agreement;local_syntax	ٱلرَّحْمَٰنِ follows ٱللَّهِ in genitive definiteness as an adjectival divine epithet.	resources/attachments.tsv:4
sx-73_0-00004	ae:v3:s001:001:pass1:attach:a4	73:0	w-s073-a000-w002	w-s073-a000-w003		m-w-s073-a000-w002-01	m-w-s073-a000-w003-02		1:1:2:1	1:1:3:2		q:1:1:3	q:1:1:5		3	5		adjective	strongly_licensed	high			NOUN_PROP	NOUN_PROP			fallback_morpheme_aligned	agreement;local_syntax	ٱلرَّحِيمِ follows ٱللَّهِ in the same genitive adjectival series.	resources/attachments.tsv:5
sx-73_1-00005	ae:v3:s073:001:pass1:attach:a1	73:1	w-s073-a001-w001	w-s073-a001-w001		m-w-s073-a001-w001-02	m-w-s073-a001-w001-02		73:1:1:2	73:1:1:2		q:73:1:1	q:73:1:2		1	2		vocative	strongly_licensed	high			VOC_PART	REL_PRON			position_morpheme_aligned	local_syntax;formulaic_construction	أَيُّهَا is the vocative target introduced by يَا.	resources/attachments.tsv:55843
sx-73_1-00006	ae:v3:s073:001:pass1:attach:a2	73:1	w-s073-a001-w001	w-s073-a001-w002		m-w-s073-a001-w001-02	m-w-s073-a001-w002-02		73:1:1:2	73:1:2:2		q:73:1:2	q:73:1:3		2	3		apposition	strongly_licensed	high			REL_PRON	NOUN_ACTIVE_PART			position_morpheme_aligned	agreement;local_syntax	ٱلْمُزَّمِّلُ stands in apposition to the vocative أَيُّهَا and names the addressee.	resources/attachments.tsv:55844
sx-73_2-00007	ae:v3:s073:002:pass1:attach:a1	73:2	w-s073-a002-w001	w-s073-a002-w002		m-w-s073-a002-w001-01	m-w-s073-a002-w002-02		73:2:1:1	73:2:2:2		q:73:2:1	q:73:2:2		1	2		adverbial	strongly_licensed	high			CV	NOUN_ABSTRACT			position_morpheme_aligned	case_government;local_syntax	ٱلَّيْلَ is an accusative time adverbial specifying when قُمِ is to occur.	resources/attachments.tsv:55845
sx-73_2-00008	ae:v3:s073:002:pass1:attach:a2	73:2	w-s073-a002-w002	w-s073-a002-w004		m-w-s073-a002-w002-02	m-w-s073-a002-w004-01		73:2:2:2	73:2:4:1		q:73:2:2	q:73:2:4		2	4		exception	syntactically_forced	high			NOUN_ABSTRACT	ADJ_QUALIT			position_morpheme_aligned	case_government;local_syntax	قَلِيلًا is introduced by إِلَّا as the exception from the night expressed by ٱلَّيْلَ.	resources/attachments.tsv:55846
sx-73_3-00009	ae:v3:s073:003:pass1:attach:a1	73:3	w-s073-a003-w001	w-s073-a003-w003		m-w-s073-a003-w001-01	m-w-s073-a003-w003-01		73:3:1:1	73:3:3:1		q:73:3:1	q:73:3:3		1	3		conjoined	strongly_licensed	medium			NOUN_ABSTRACT	CV			position_morpheme_aligned	local_syntax	أَوِ presents ٱنقُصْ as an alternative to the preceding measured phrase نِّصْفَهُ within the ayah.	resources/attachments.tsv:55847
sx-73_3-00010	ae:v3:s073:003:pass1:attach:a2	73:3	w-s073-a003-w003	w-s073-a003-w004	w-s073-a003-w004	m-w-s073-a003-w003-01	m-w-s073-a003-w004-02	m-w-s073-a003-w004-01	73:3:3:1	73:3:4:2	73:3:4:1	q:73:3:3	q:73:3:4	q:73:3:4	3	4	4	prep_complement	syntactically_forced	high		pronoun_suffix	CV			مِن	position_morpheme_aligned	case_government;local_syntax	The pronoun in مِنْهُ is governed by مِنْ as the source complement of ٱنقُصْ.	resources/attachments.tsv:55848
sx-73_3-00011	ae:v3:s073:003:pass1:attach:a3	73:3	w-s073-a003-w003	w-s073-a003-w005		m-w-s073-a003-w003-01	m-w-s073-a003-w005-01		73:3:3:1	73:3:5:1		q:73:3:3	q:73:3:5		3	5		direct_object	strongly_licensed	high			CV	ADJ_QUALIT	explicit		position_morpheme_aligned	case_government;local_syntax	قَلِيلًا names the small amount to be diminished by ٱنقُصْ.	resources/attachments.tsv:55849
sx-73_3-00012	ae:v3:s073:003:pass1:attach:a4	73:3	w-s073-a003-w001	w-s073-a003-w001		m-w-s073-a003-w001-01	m-w-s073-a003-w001-01		73:3:1:1	73:3:1:1		q:73:3:1	q:73:3:1		1	1		idafa	syntactically_forced	high		possessive_suffix	NOUN_ABSTRACT				position_morpheme_aligned	morphology;local_syntax	The هُ suffix in نِّصْفَهُ is the possessive/genitive complement of نِّصْفَ.	resources/attachments.tsv:55850
sx-73_4-00013	ae:v3:s073:004:pass1:attach:a1	73:4	w-s073-a004-w002	w-s073-a004-w003	w-s073-a004-w003	m-w-s073-a004-w002-01	m-w-s073-a004-w003-02	m-w-s073-a004-w003-01	73:4:2:1	73:4:3:2	73:4:3:1	q:73:4:2	q:73:4:3	q:73:4:3	2	3	3	prep_complement	syntactically_forced	high		pronoun_suffix	CV			عَلَى	position_morpheme_aligned	case_government;local_syntax	The pronoun in عَلَيْهِ is governed by عَلَى as the complement of زِدْ.	resources/attachments.tsv:55851
sx-73_4-00014	ae:v3:s073:004:pass1:attach:a2	73:4	w-s073-a004-w002	w-s073-a004-w004		m-w-s073-a004-w002-01	m-w-s073-a004-w004-02		73:4:2:1	73:4:4:2		q:73:4:2	q:73:4:5		2	5		conjoined	strongly_licensed	high			CV	CV			position_morpheme_aligned	local_syntax	رَتِّلِ is coordinated by وَ with the preceding imperative زِدْ.	resources/attachments.tsv:55852
sx-73_4-00015	ae:v3:s073:004:pass1:attach:a3	73:4	w-s073-a004-w004	w-s073-a004-w005		m-w-s073-a004-w004-02	m-w-s073-a004-w005-02		73:4:4:2	73:4:5:2		q:73:4:5	q:73:4:6		5	6		direct_object	syntactically_forced	high			CV	NOUN_CONCRETE	explicit		position_morpheme_aligned	case_government;local_syntax	ٱلْقُرْءَانَ is the explicit object of رَتِّلِ.	resources/attachments.tsv:55853
sx-73_4-00016	ae:v3:s073:004:pass1:attach:a4	73:4	w-s073-a004-w004	w-s073-a004-w006		m-w-s073-a004-w004-02	m-w-s073-a004-w006-01		73:4:4:2	73:4:6:1		q:73:4:5	q:73:4:7		5	7		cognate_acc	syntactically_forced	high			CV	GERUND			position_morpheme_aligned	morphology;case_government	تَرْتِيلًا is the cognate verbal noun intensifying رَتِّلِ.	resources/attachments.tsv:55854
sx-73_5-00017	ae:v3:s073:005:pass1:attach:a1	73:5	w-s073-a005-w001	w-s073-a005-w001		m-w-s073-a005-w001-01	m-w-s073-a005-w001-02		73:5:1:1	73:5:1:2		q:73:5:1	q:73:5:1		1	1		particle_complement	syntactically_forced	high	particle_segment	pronoun_suffix					position_morpheme_aligned	morphology;local_syntax	The نَا suffix in إِنَّا is the governed noun of the particle إِنَّ.	resources/attachments.tsv:55855
sx-73_5-00018	ae:v3:s073:005:pass1:attach:a2	73:5	w-s073-a005-w001	w-s073-a005-w002		m-w-s073-a005-w001-01	m-w-s073-a005-w002-02		73:5:1:1	73:5:2:2		q:73:5:1	q:73:5:2		1	2		predication	strongly_licensed	high			INF_ANNUL_PART	IV			position_morpheme_aligned	local_syntax	سَنُلْقِى عَلَيْكَ قَوْلًا ثَقِيلًا supplies the predicate content asserted by إِنَّا.	resources/attachments.tsv:55856
sx-73_5-00019	ae:v3:s073:005:pass1:attach:a3	73:5	w-s073-a005-w002	w-s073-a005-w003	w-s073-a005-w003	m-w-s073-a005-w002-02	m-w-s073-a005-w003-02	m-w-s073-a005-w003-01	73:5:2:2	73:5:3:2	73:5:3:1	q:73:5:2	q:73:5:3	q:73:5:3	2	3	3	prep_complement	syntactically_forced	high		pronoun_suffix	IV			عَلَى	fallback_morpheme_aligned	case_government;local_syntax	The pronoun in عَلَيْكَ is governed by عَلَى as the recipient complement of سَنُلْقِى.	resources/attachments.tsv:55857
sx-73_5-00020	ae:v3:s073:005:pass1:attach:a4	73:5	w-s073-a005-w002	w-s073-a005-w004		m-w-s073-a005-w002-02	m-w-s073-a005-w004-01		73:5:2:2	73:5:4:1		q:73:5:2	q:73:5:4		2	4		direct_object	syntactically_forced	high			IV	GERUND	explicit		fallback_morpheme_aligned	case_government;local_syntax	قَوْلًا is the explicit object cast by سَنُلْقِى.	resources/attachments.tsv:55858
sx-73_5-00021	ae:v3:s073:005:pass1:attach:a5	73:5	w-s073-a005-w004	w-s073-a005-w005		m-w-s073-a005-w004-01	m-w-s073-a005-w005-01		73:5:4:1	73:5:5:1		q:73:5:4	q:73:5:5		4	5		adjective	strongly_licensed	high			GERUND	ADJ_QUALIT			fallback_morpheme_aligned	agreement;local_syntax	ثَقِيلًا agrees with and qualifies قَوْلًا.	resources/attachments.tsv:55859
sx-73_6-00022	ae:v3:s073:006:pass1:attach:a1	73:6	w-s073-a006-w001	w-s073-a006-w002		m-w-s073-a006-w001-01	m-w-s073-a006-w002-01		73:6:1:1	73:6:2:1		q:73:6:1	q:73:6:2		1	2		particle_complement	syntactically_forced	high			ANNUL_PART	NOUN_ABSTRACT			position_morpheme_aligned	case_government;local_syntax	نَاشِئَةَ is the accusative governed noun of إِنَّ.	resources/attachments.tsv:55860
sx-73_6-00023	ae:v3:s073:006:pass1:attach:a2	73:6	w-s073-a006-w002	w-s073-a006-w003		m-w-s073-a006-w002-01	m-w-s073-a006-w003-02		73:6:2:1	73:6:3:2		q:73:6:2	q:73:6:3		2	3		idafa	syntactically_forced	high			NOUN_ABSTRACT	NOUN_ABSTRACT			position_morpheme_aligned	morphology;case_government	ٱلَّيْلِ is genitive as the second term of the iḍāfa headed by نَاشِئَةَ.	resources/attachments.tsv:55861
sx-73_6-00024	ae:v3:s073:006:pass1:attach:a3	73:6	w-s073-a006-w002	w-s073-a006-w004		m-w-s073-a006-w002-01	m-w-s073-a006-w004-01		73:6:2:1	73:6:4:1		q:73:6:2	q:73:6:4		2	4		apposition	strongly_licensed	medium			NOUN_ABSTRACT	PRON			position_morpheme_aligned	local_syntax	هِىَ resumes نَاشِئَةَ ٱلَّيْلِ as a separating pronoun before the predicate.	resources/attachments.tsv:55862
sx-73_6-00025	ae:v3:s073:006:pass1:attach:a4	73:6	w-s073-a006-w001	w-s073-a006-w005		m-w-s073-a006-w001-01	m-w-s073-a006-w005-01		73:6:1:1	73:6:5:1		q:73:6:1	q:73:6:5		1	5		predication	strongly_licensed	high			ANNUL_PART	ADJ_COMP			position_morpheme_aligned	local_syntax	أَشَدُّ is the first predicate term of the إِنَّ clause.	resources/attachments.tsv:55863
sx-73_6-00026	ae:v3:s073:006:pass1:attach:a5	73:6	w-s073-a006-w005	w-s073-a006-w006		m-w-s073-a006-w005-01	m-w-s073-a006-w006-01		73:6:5:1	73:6:6:1		q:73:6:5	q:73:6:6		5	6		accusative_specification	syntactically_forced	high			ADJ_COMP	GERUND			position_morpheme_aligned	case_government;local_syntax	وَطْـًٔا is the accusative specification clarifying the comparative أَشَدُّ.	resources/attachments.tsv:55864
sx-73_6-00027	ae:v3:s073:006:pass1:attach:a6	73:6	w-s073-a006-w005	w-s073-a006-w007		m-w-s073-a006-w005-01	m-w-s073-a006-w007-02		73:6:5:1	73:6:7:2		q:73:6:5	q:73:6:8		5	8		conjoined	strongly_licensed	high			ADJ_COMP	ADJ_COMP			position_morpheme_aligned	local_syntax;parallelism	أَقْوَمُ is coordinated with أَشَدُّ as a second predicate term.	resources/attachments.tsv:55865
sx-73_6-00028	ae:v3:s073:006:pass1:attach:a7	73:6	w-s073-a006-w007	w-s073-a006-w008		m-w-s073-a006-w007-02	m-w-s073-a006-w008-01		73:6:7:2	73:6:8:1		q:73:6:8	q:73:6:9		8	9		accusative_specification	syntactically_forced	high			ADJ_COMP	GERUND			position_morpheme_aligned	case_government;local_syntax	قِيلًا is the accusative specification clarifying the comparative أَقْوَمُ.	resources/attachments.tsv:55866
sx-73_6-00029	ae:v3:s073:006:pass1:attach:a8	73:6	w-s073-a006-w001	w-s073-a006-w007		m-w-s073-a006-w001-01	m-w-s073-a006-w007-02		73:6:1:1	73:6:7:2		q:73:6:1	q:73:6:8		1	8		predication	strongly_licensed	high			ANNUL_PART	ADJ_COMP			position_morpheme_aligned	local_syntax;parallelism	أَقْوَمُ is also a coordinated predicate term within the إِنَّ clause.	resources/attachments.tsv:55867
sx-73_7-00030	ae:v3:s073:007:pass1:attach:a1	73:7	w-s073-a007-w001	w-s073-a007-w005		m-w-s073-a007-w001-01	m-w-s073-a007-w005-01		73:7:1:1	73:7:5:1		q:73:7:1	q:73:7:5		1	5		particle_complement	syntactically_forced	high			ANNUL_PART	GERUND			fallback_morpheme_aligned	case_government;local_syntax	سَبْحًا is the accusative governed noun of إِنَّ.	resources/attachments.tsv:55868
sx-73_7-00031	ae:v3:s073:007:pass1:attach:a2	73:7	w-s073-a007-w001	w-s073-a007-w002		m-w-s073-a007-w001-01	m-w-s073-a007-w002-01		73:7:1:1	73:7:2:1		q:73:7:1	q:73:7:2		1	2		predication	strongly_licensed	high			ANNUL_PART	PREP			position_morpheme_aligned	local_syntax;word_order	لَكَ, with فِى ٱلنَّهَارِ, supplies the fronted predicate of the إِنَّ clause.	resources/attachments.tsv:55869
sx-73_7-00032	ae:v3:s073:007:pass1:attach:a3	73:7	w-s073-a007-w005	w-s073-a007-w002	w-s073-a007-w002	m-w-s073-a007-w005-01	m-w-s073-a007-w002-02	m-w-s073-a007-w002-01	73:7:5:1	73:7:2:2	73:7:2:1	q:73:7:5	q:73:7:2	q:73:7:2	5	2	2	prep_complement	strongly_licensed	high		pronoun_suffix	GERUND			لـ	fallback_morpheme_aligned	case_government;local_syntax	The pronoun in لَكَ is governed by the lām and relates the سَبْحًا to the addressee.	resources/attachments.tsv:55870
sx-73_7-00033	ae:v3:s073:007:pass1:attach:a4	73:7	w-s073-a007-w005	w-s073-a007-w004	w-s073-a007-w003	m-w-s073-a007-w005-01	m-w-s073-a007-w004-02	m-w-s073-a007-w003-01	73:7:5:1	73:7:4:2	73:7:3:1	q:73:7:5	q:73:7:4	q:73:7:3	5	4	3	prep_complement	syntactically_forced	high			GERUND	NOUN_ABSTRACT		فِي	fallback_morpheme_aligned	case_government;local_syntax	ٱلنَّهَارِ is governed by فِى as the time span for سَبْحًا.	resources/attachments.tsv:55871
sx-73_7-00034	ae:v3:s073:007:pass1:attach:a5	73:7	w-s073-a007-w005	w-s073-a007-w006		m-w-s073-a007-w005-01	m-w-s073-a007-w006-01		73:7:5:1	73:7:6:1		q:73:7:5	q:73:7:6		5	6		adjective	strongly_licensed	high			GERUND	ADJ_QUALIT			fallback_morpheme_aligned	agreement;local_syntax	طَوِيلًا agrees with and qualifies سَبْحًا.	resources/attachments.tsv:55872
sx-73_8-00035	ae:v3:s073:008:pass1:attach:a1	73:8	w-s073-a008-w001	w-s073-a008-w002		m-w-s073-a008-w001-02	m-w-s073-a008-w002-01		73:8:1:2	73:8:2:1		q:73:8:2	q:73:8:3		2	3		direct_object	syntactically_forced	high			CV	NOUN_ABSTRACT	explicit		position_morpheme_aligned	case_government;local_syntax	ٱسْمَ is the explicit object of ٱذْكُرِ.	resources/attachments.tsv:55873
sx-73_8-00036	ae:v3:s073:008:pass1:attach:a2	73:8	w-s073-a008-w002	w-s073-a008-w003		m-w-s073-a008-w002-01	m-w-s073-a008-w003-01		73:8:2:1	73:8:3:1		q:73:8:3	q:73:8:4		3	4		idafa	syntactically_forced	high			NOUN_ABSTRACT	NOUN_CONCRETE			position_morpheme_aligned	morphology;case_government	رَبِّكَ is genitive as the second term of the iḍāfa headed by ٱسْمَ.	resources/attachments.tsv:55874
sx-73_8-00037	ae:v3:s073:008:pass1:attach:a3	73:8	w-s073-a008-w001	w-s073-a008-w004		m-w-s073-a008-w001-02	m-w-s073-a008-w004-02		73:8:1:2	73:8:4:2		q:73:8:2	q:73:8:6		2	6		conjoined	strongly_licensed	high			CV	CV			position_morpheme_aligned	local_syntax	تَبَتَّلْ is coordinated by وَ with ٱذْكُرِ as a second imperative.	resources/attachments.tsv:55875
sx-73_8-00038	ae:v3:s073:008:pass1:attach:a4	73:8	w-s073-a008-w004	w-s073-a008-w005	w-s073-a008-w005	m-w-s073-a008-w004-02	m-w-s073-a008-w005-02	m-w-s073-a008-w005-01	73:8:4:2	73:8:5:2	73:8:5:1	q:73:8:6	q:73:8:7	q:73:8:7	6	7	7	prep_complement	syntactically_forced	high		pronoun_suffix	CV			إِلَى	position_morpheme_aligned	case_government;local_syntax	The pronoun in إِلَيْهِ is governed by إِلَى as the directional complement of تَبَتَّلْ.	resources/attachments.tsv:55876
sx-73_8-00039	ae:v3:s073:008:pass1:attach:a5	73:8	w-s073-a008-w004	w-s073-a008-w006		m-w-s073-a008-w004-02	m-w-s073-a008-w006-01		73:8:4:2	73:8:6:1		q:73:8:6	q:73:8:8		6	8		cognate_acc	strongly_licensed	high			CV	GERUND			position_morpheme_aligned	morphology;case_government	تَبْتِيلًا is a cognate verbal noun strengthening تَبَتَّلْ.	resources/attachments.tsv:55877
sx-73_8-00040	ae:v3:s073:008:pass1:attach:a6	73:8	w-s073-a008-w003	w-s073-a008-w003		m-w-s073-a008-w003-01	m-w-s073-a008-w003-01		73:8:3:1	73:8:3:1		q:73:8:4	q:73:8:4		4	4		idafa	syntactically_forced	high		possessive_suffix	NOUN_CONCRETE				position_morpheme_aligned	morphology;local_syntax	The كَ suffix in رَبِّكَ is the possessive/genitive complement of رَبِّ.	resources/attachments.tsv:55878
sx-73_9-00041	ae:v3:s073:009:pass1:attach:a1	73:9	w-s073-a009-w001	w-s073-a009-w002		m-w-s073-a009-w001-01	m-w-s073-a009-w002-02		73:9:1:1	73:9:2:2		q:73:9:1	q:73:9:2		1	2		idafa	syntactically_forced	high			NOUN_CONCRETE	NOUN_TIME_PLACE			position_morpheme_aligned	morphology;case_government	ٱلْمَشْرِقِ is genitive as the second term of the iḍāfa headed by رَبُّ.	resources/attachments.tsv:55879
sx-73_9-00042	ae:v3:s073:009:pass1:attach:a2	73:9	w-s073-a009-w002	w-s073-a009-w003		m-w-s073-a009-w002-02	m-w-s073-a009-w003-03		73:9:2:2	73:9:3:3		q:73:9:2	q:73:9:4		2	4		conjoined	strongly_licensed	high			NOUN_TIME_PLACE	NOUN_PROP			position_morpheme_aligned	case_government;local_syntax	ٱلْمَغْرِبِ is coordinated with ٱلْمَشْرِقِ and shares its genitive relation to رَبُّ.	resources/attachments.tsv:55880
sx-73_9-00043	ae:v3:s073:009:pass1:attach:a3	73:9	w-s073-a009-w004	w-s073-a009-w005		m-w-s073-a009-w004-01	m-w-s073-a009-w005-01		73:9:4:1	73:9:5:1		q:73:9:5	q:73:9:6		5	6		particle_complement	syntactically_forced	high			NEG_PART	NOUN_CONCRETE			position_morpheme_aligned	case_government;local_syntax	إِلَٰهَ is the accusative noun governed by the categorical negator لَا.	resources/attachments.tsv:55881
sx-73_9-00044	ae:v3:s073:009:pass1:attach:a4	73:9	w-s073-a009-w005	w-s073-a009-w007		m-w-s073-a009-w005-01	m-w-s073-a009-w007-01		73:9:5:1	73:9:7:1		q:73:9:6	q:73:9:8		6	8		exception	syntactically_forced	high			NOUN_CONCRETE	PRON			position_morpheme_aligned	local_syntax;formulaic_construction	هُوَ is introduced by إِلَّا as the restricted exception to the negated إِلَٰهَ.	resources/attachments.tsv:55882
sx-73_9-00045	ae:v3:s073:009:pass1:attach:a5	73:9	w-s073-a009-w008	w-s073-a009-w008		m-w-s073-a009-w008-02	m-w-s073-a009-w008-03		73:9:8:2	73:9:8:3		q:73:9:10	q:73:9:10		10	10		direct_object	syntactically_forced	high		object_suffix	CV		clitic		position_morpheme_aligned	morphology;local_syntax	The هُ suffix on ٱتَّخِذْهُ is the first object of ٱتَّخِذْ.	resources/attachments.tsv:55883
sx-73_9-00046	ae:v3:s073:009:pass1:attach:a6	73:9	w-s073-a009-w008	w-s073-a009-w009		m-w-s073-a009-w008-02	m-w-s073-a009-w009-01		73:9:8:2	73:9:9:1		q:73:9:10	q:73:9:11		10	11		direct_object	strongly_licensed	high			CV	ADJ_QUALIT	explicit		position_morpheme_aligned	case_government;local_syntax	وَكِيلًا is the second object or object complement selected by ٱتَّخِذْ.	resources/attachments.tsv:55884
sx-73_10-00047	ae:v3:s073:010:pass1:attach:a1	73:10	w-s073-a010-w001	w-s073-a010-w003	w-s073-a010-w002	m-w-s073-a010-w001-02	m-w-s073-a010-w003-01	m-w-s073-a010-w002-01	73:10:1:2	73:10:3:1	73:10:2:1	q:73:10:2	q:73:10:4	q:73:10:3	2	4	3	prep_complement	syntactically_forced	high			CV	REL_PRON		عَلَى	position_morpheme_aligned	case_government;local_syntax	مَا is governed by عَلَى as the prepositional complement of ٱصْبِرْ.	resources/attachments.tsv:55885
sx-73_10-00048	ae:v3:s073:010:pass1:attach:a2	73:10	w-s073-a010-w004	w-s073-a010-w003		m-w-s073-a010-w004-01	m-w-s073-a010-w003-01		73:10:4:1	73:10:3:1		q:73:10:5	q:73:10:4		5	4		quoted_complement	strongly_licensed	high			IV	REL_PRON			position_morpheme_aligned	local_syntax	مَا يَقُولُونَ is the speech content of يَقُولُونَ within the relative clause governed by عَلَى.	resources/attachments.tsv:55886
sx-73_10-00049	ae:v3:s073:010:pass1:attach:a3	73:10	w-s073-a010-w001	w-s073-a010-w005		m-w-s073-a010-w001-02	m-w-s073-a010-w005-02		73:10:1:2	73:10:5:2		q:73:10:2	q:73:10:7		2	7		conjoined	strongly_licensed	high			CV	CV			position_morpheme_aligned	local_syntax	ٱهْجُرْهُمْ is coordinated by وَ with the preceding imperative ٱصْبِرْ.	resources/attachments.tsv:55887
sx-73_10-00050	ae:v3:s073:010:pass1:attach:a4	73:10	w-s073-a010-w005	w-s073-a010-w005		m-w-s073-a010-w005-02	m-w-s073-a010-w005-03		73:10:5:2	73:10:5:3		q:73:10:7	q:73:10:7		7	7		direct_object	syntactically_forced	high		object_suffix	CV		clitic		position_morpheme_aligned	morphology;local_syntax	The هُمْ suffix on ٱهْجُرْهُمْ is the object of ٱهْجُرْ.	resources/attachments.tsv:55888
sx-73_10-00051	ae:v3:s073:010:pass1:attach:a5	73:10	w-s073-a010-w005	w-s073-a010-w005		m-w-s073-a010-w005-02	m-w-s073-a010-w005-02		73:10:5:2	73:10:5:2		q:73:10:7	q:73:10:8		7	8		cognate_acc	syntactically_forced	high			CV	GERUND			fallback_morpheme_aligned	morphology;case_government	هَجْرًا is the cognate verbal noun intensifying ٱهْجُرْ.	resources/attachments.tsv:55889
sx-73_10-00052	ae:v3:s073:010:pass1:attach:a6	73:10	w-s073-a010-w005	w-s073-a010-w007		m-w-s073-a010-w005-02	m-w-s073-a010-w007-01		73:10:5:2	73:10:7:1		q:73:10:8	q:73:10:9		8	9		adjective	strongly_licensed	high			GERUND	ADJ_QUALIT			fallback_morpheme_aligned	agreement;local_syntax	جَمِيلًا agrees with and qualifies هَجْرًا.	resources/attachments.tsv:55890
sx-73_11-00053	ae:v3:s073:011:pass1:attach:a1	73:11	w-s073-a011-w001	w-s073-a011-w001		m-w-s073-a011-w001-02	m-w-s073-a011-w001-03		73:11:1:2	73:11:1:3		q:73:11:2	q:73:11:2		2	2		direct_object	syntactically_forced	high		object_suffix	CV		clitic		position_morpheme_aligned	morphology;local_syntax	The suffix نِى in ذَرْنِى is the object pronoun of ذَرْ.	resources/attachments.tsv:55891
sx-73_11-00054	ae:v3:s073:011:pass1:attach:a2	73:11	w-s073-a011-w001	w-s073-a011-w002		m-w-s073-a011-w001-03	m-w-s073-a011-w002-03		73:11:1:3	73:11:2:3		q:73:11:2	q:73:11:4		2	4		conjoined	strongly_licensed	high	object_suffix			NOUN_ACTIVE_PART			position_morpheme_aligned	local_syntax	ٱلْمُكَذِّبِينَ is joined by وَ to the object نِى in ذَرْنِى.	resources/attachments.tsv:55892
sx-73_11-00055	ae:v3:s073:011:pass1:attach:a3	73:11	w-s073-a011-w002	w-s073-a011-w003		m-w-s073-a011-w002-03	m-w-s073-a011-w003-01		73:11:2:3	73:11:3:1		q:73:11:4	q:73:11:5		4	5		adjective	strongly_licensed	high			NOUN_ACTIVE_PART	NOUN_CONCRETE			position_morpheme_aligned	agreement;local_syntax	أُو۟لِى ٱلنَّعْمَةِ qualifies ٱلْمُكَذِّبِينَ as possessors of ease.	resources/attachments.tsv:55893
sx-73_11-00056	ae:v3:s073:011:pass1:attach:a4	73:11	w-s073-a011-w003	w-s073-a011-w004		m-w-s073-a011-w003-01	m-w-s073-a011-w004-02		73:11:3:1	73:11:4:2		q:73:11:5	q:73:11:6		5	6		idafa	syntactically_forced	high			NOUN_CONCRETE	NOUN_ABSTRACT			position_morpheme_aligned	morphology;case_government	ٱلنَّعْمَةِ is the genitive complement of construct أُو۟لِى.	resources/attachments.tsv:55894
sx-73_11-00057	ae:v3:s073:011:pass1:attach:a5	73:11	w-s073-a011-w005	w-s073-a011-w005		m-w-s073-a011-w005-02	m-w-s073-a011-w005-03		73:11:5:2	73:11:5:3		q:73:11:8	q:73:11:8		8	8		direct_object	syntactically_forced	high		object_suffix	CV		clitic		position_morpheme_aligned	morphology;local_syntax	The suffix هُمْ in مَهِّلْهُمْ is the object pronoun of مَهِّلْ.	resources/attachments.tsv:55895
sx-73_11-00058	ae:v3:s073:011:pass1:attach:a6	73:11	w-s073-a011-w005	w-s073-a011-w006		m-w-s073-a011-w005-02	m-w-s073-a011-w006-01		73:11:5:2	73:11:6:1		q:73:11:8	q:73:11:9		8	9		adverbial	strongly_licensed	high			CV	ADJ_QUALIT			position_morpheme_aligned	case_government;local_syntax	قَلِيلًا gives the limited extent of the respite requested by مَهِّلْهُمْ.	resources/attachments.tsv:55896
sx-73_12-00059	ae:v3:s073:012:pass1:attach:a1	73:12	w-s073-a012-w001	w-s073-a012-w003		m-w-s073-a012-w001-01	m-w-s073-a012-w003-01		73:12:1:1	73:12:3:1		q:73:12:1	q:73:12:3		1	3		particle_complement	syntactically_forced	high			ANNUL_PART	NOUN_CONCRETE			position_morpheme_aligned	case_government;local_syntax	أَنكَالًا is the delayed governed noun of إِنَّ.	resources/attachments.tsv:55897
sx-73_12-00060	ae:v3:s073:012:pass1:attach:a2	73:12	w-s073-a012-w001	w-s073-a012-w002		m-w-s073-a012-w001-01	m-w-s073-a012-w002-01		73:12:1:1	73:12:2:1		q:73:12:1	q:73:12:2		1	2		predication	strongly_licensed	high			ANNUL_PART	ADV			position_morpheme_aligned	local_syntax;word_order	لَدَيْنَا is the fronted predicate of the إِنَّ clause.	resources/attachments.tsv:55898
sx-73_12-00061	ae:v3:s073:012:pass1:attach:a3	73:12	w-s073-a012-w002	w-s073-a012-w002		m-w-s073-a012-w002-01	m-w-s073-a012-w002-01		73:12:2:1	73:12:2:1		q:73:12:2	q:73:12:2		2	2		idafa	syntactically_forced	high		possessive_suffix	ADV				position_morpheme_aligned	morphology	The suffix نَا in لَدَيْنَا is the genitive possessor of لَدَى.	resources/attachments.tsv:55899
sx-73_12-00062	ae:v3:s073:012:pass1:attach:a4	73:12	w-s073-a012-w003	w-s073-a012-w004		m-w-s073-a012-w003-01	m-w-s073-a012-w004-02		73:12:3:1	73:12:4:2		q:73:12:3	q:73:12:5		3	5		conjoined	strongly_licensed	high			NOUN_CONCRETE	NOUN_CONCRETE			position_morpheme_aligned	parallelism;local_syntax	جَحِيمًا is coordinated with أَنكَالًا in the governed accusative series.	resources/attachments.tsv:55900
sx-73_13-00063	ae:v3:s073:013:pass1:attach:a1	73:13	w-s073-a013-w001	w-s073-a013-w002		m-w-s073-a013-w001-02	m-w-s073-a013-w002-01		73:13:1:2	73:13:2:1		q:73:13:2	q:73:13:3		2	3		adjective	strongly_licensed	high			NOUN_CONCRETE	NOUN_FIVE			position_morpheme_aligned	agreement;local_syntax	ذَا غُصَّةٍ qualifies طَعَامًا as food possessing choking.	resources/attachments.tsv:55901
sx-73_13-00064	ae:v3:s073:013:pass1:attach:a2	73:13	w-s073-a013-w002	w-s073-a013-w003		m-w-s073-a013-w002-01	m-w-s073-a013-w003-01		73:13:2:1	73:13:3:1		q:73:13:3	q:73:13:4		3	4		idafa	syntactically_forced	high			NOUN_FIVE	NOUN_ABSTRACT			position_morpheme_aligned	morphology;case_government	غُصَّةٍ is the genitive complement of construct ذَا.	resources/attachments.tsv:55902
sx-73_13-00065	ae:v3:s073:013:pass1:attach:a3	73:13	w-s073-a013-w001	w-s073-a013-w004		m-w-s073-a013-w001-02	m-w-s073-a013-w004-02		73:13:1:2	73:13:4:2		q:73:13:2	q:73:13:6		2	6		conjoined	strongly_licensed	high			NOUN_CONCRETE	GERUND			position_morpheme_aligned	parallelism;local_syntax	عَذَابًا is coordinated with طَعَامًا in the accusative enumeration.	resources/attachments.tsv:55903
sx-73_13-00066	ae:v3:s073:013:pass1:attach:a4	73:13	w-s073-a013-w004	w-s073-a013-w005		m-w-s073-a013-w004-02	m-w-s073-a013-w005-01		73:13:4:2	73:13:5:1		q:73:13:6	q:73:13:7		6	7		adjective	strongly_licensed	high			GERUND	ADJ_QUALIT			position_morpheme_aligned	agreement;local_syntax	أَلِيمًا agrees with and qualifies عَذَابًا.	resources/attachments.tsv:55904
sx-73_14-00067	ae:v3:s073:014:pass1:attach:a1	73:14	w-s073-a014-w002	w-s073-a014-w001		m-w-s073-a014-w002-01	m-w-s073-a014-w001-01		73:14:2:1	73:14:1:1		q:73:14:2	q:73:14:1		2	1		adverbial	strongly_licensed	high			IV	ADV			position_morpheme_aligned	case_government;local_syntax	يَوْمَ supplies the temporal setting for تَرْجُفُ.	resources/attachments.tsv:55905
sx-73_14-00068	ae:v3:s073:014:pass1:attach:a2	73:14	w-s073-a014-w002	w-s073-a014-w003		m-w-s073-a014-w002-01	m-w-s073-a014-w003-02		73:14:2:1	73:14:3:2		q:73:14:2	q:73:14:3		2	3		subject	syntactically_forced	high			IV	NOUN_CONCRETE			position_morpheme_aligned	agreement;word_order	ٱلْأَرْضُ is the nominative subject of تَرْجُفُ.	resources/attachments.tsv:55906
sx-73_14-00069	ae:v3:s073:014:pass1:attach:a3	73:14	w-s073-a014-w003	w-s073-a014-w004		m-w-s073-a014-w003-02	m-w-s073-a014-w004-03		73:14:3:2	73:14:4:3		q:73:14:3	q:73:14:5		3	5		conjoined	strongly_licensed	high			NOUN_CONCRETE	NOUN_CONCRETE			position_morpheme_aligned	parallelism;local_syntax	ٱلْجِبَالُ is coordinated with ٱلْأَرْضُ as part of the subject of تَرْجُفُ.	resources/attachments.tsv:55907
sx-73_14-00070	ae:v3:s073:014:pass1:attach:a4	73:14	w-s073-a014-w005	w-s073-a014-w006		m-w-s073-a014-w005-02	m-w-s073-a014-w006-02		73:14:5:2	73:14:6:2		q:73:14:7	q:73:14:8		7	8		subject	syntactically_forced	high			PV	NOUN_CONCRETE			position_morpheme_aligned	agreement;word_order	ٱلْجِبَالُ is the nominative ism of كَانَتِ.	resources/attachments.tsv:55908
sx-73_14-00071	ae:v3:s073:014:pass1:attach:a5	73:14	w-s073-a014-w005	w-s073-a014-w007		m-w-s073-a014-w005-02	m-w-s073-a014-w007-01		73:14:5:2	73:14:7:1		q:73:14:7	q:73:14:9		7	9		kana_predicate	syntactically_forced	high			PV	NOUN_CONCRETE			position_morpheme_aligned	case_government;local_syntax	كَثِيبًا is the accusative predicate of كَانَتِ.	resources/attachments.tsv:55909
sx-73_14-00072	ae:v3:s073:014:pass1:attach:a6	73:14	w-s073-a014-w007	w-s073-a014-w008		m-w-s073-a014-w007-01	m-w-s073-a014-w008-01		73:14:7:1	73:14:8:1		q:73:14:9	q:73:14:10		9	10		adjective	strongly_licensed	high			NOUN_CONCRETE	NOUN_PASSIVE_PART			position_morpheme_aligned	agreement;local_syntax	مَّهِيلًا agrees with and qualifies كَثِيبًا.	resources/attachments.tsv:55910
sx-73_15-00073	ae:v3:s073:015:pass1:attach:a1	73:15	w-s073-a015-w001	w-s073-a015-w001		m-w-s073-a015-w001-01	m-w-s073-a015-w001-02		73:15:1:1	73:15:1:2		q:73:15:1	q:73:15:1		1	1		particle_complement	syntactically_forced	high	particle_segment	pronoun_suffix					position_morpheme_aligned	morphology;local_syntax	The suffix نَا in إِنَّا is the governed noun of إِنَّ.	resources/attachments.tsv:55911
sx-73_15-00074	ae:v3:s073:015:pass1:attach:a2	73:15	w-s073-a015-w001	w-s073-a015-w002		m-w-s073-a015-w001-01	m-w-s073-a015-w002-01		73:15:1:1	73:15:2:1		q:73:15:1	q:73:15:2		1	2		predication	strongly_licensed	high			INF_ANNUL_PART	PV			position_morpheme_aligned	local_syntax	أَرْسَلْنَا إِلَيْكُمْ رَسُولًا شَاهِدًا عَلَيْكُمْ is the predicate content of إِنَّا.	resources/attachments.tsv:55912
sx-73_15-00075	ae:v3:s073:015:pass1:attach:a3	73:15	w-s073-a015-w002	w-s073-a015-w003	w-s073-a015-w003	m-w-s073-a015-w002-01	m-w-s073-a015-w003-02	m-w-s073-a015-w003-01	73:15:2:1	73:15:3:2	73:15:3:1	q:73:15:2	q:73:15:3	q:73:15:3	2	3	3	prep_complement	syntactically_forced	high		pronoun_suffix	PV			إِلَى	position_morpheme_aligned	case_government;local_syntax	The pronoun كُمْ in إِلَيْكُمْ is governed by إِلَى as the destination complement of أَرْسَلْنَا.	resources/attachments.tsv:55913
sx-73_15-00076	ae:v3:s073:015:pass1:attach:a4	73:15	w-s073-a015-w002	w-s073-a015-w004		m-w-s073-a015-w002-01	m-w-s073-a015-w004-01		73:15:2:1	73:15:4:1		q:73:15:2	q:73:15:4		2	4		direct_object	syntactically_forced	high			PV	NOUN_CONCRETE	explicit		position_morpheme_aligned	case_government;local_syntax	رَسُولًا is the explicit object of أَرْسَلْنَا.	resources/attachments.tsv:55914
sx-73_15-00077	ae:v3:s073:015:pass1:attach:a5	73:15	w-s073-a015-w004	w-s073-a015-w005		m-w-s073-a015-w004-01	m-w-s073-a015-w005-01		73:15:4:1	73:15:5:1		q:73:15:4	q:73:15:5		4	5		adjective	strongly_licensed	high			NOUN_CONCRETE	NOUN_ACTIVE_PART			position_morpheme_aligned	agreement;local_syntax	شَاهِدًا agrees with and qualifies رَسُولًا.	resources/attachments.tsv:55915
sx-73_15-00078	ae:v3:s073:015:pass1:attach:a6	73:15	w-s073-a015-w005	w-s073-a015-w006	w-s073-a015-w006	m-w-s073-a015-w005-01	m-w-s073-a015-w006-02	m-w-s073-a015-w006-01	73:15:5:1	73:15:6:2	73:15:6:1	q:73:15:5	q:73:15:6	q:73:15:6	5	6	6	prep_complement	syntactically_forced	high		pronoun_suffix	NOUN_ACTIVE_PART			عَلَى	position_morpheme_aligned	case_government;local_syntax	The pronoun كُمْ in عَلَيْكُمْ is governed by عَلَى as complement of شَاهِدًا.	resources/attachments.tsv:55916
sx-73_15-00079	ae:v3:s073:015:pass1:attach:a7	73:15	w-s073-a015-w002	w-s073-a015-w007	w-s073-a015-w007	m-w-s073-a015-w002-01	m-w-s073-a015-w007-02	m-w-s073-a015-w007-01	73:15:2:1	73:15:7:2	73:15:7:1	q:73:15:2	q:73:15:8	q:73:15:7	2	8	7	prep_complement	strongly_licensed	high			PV	REL_PRON		كـ	position_morpheme_aligned	case_government;local_syntax	مَا is governed by comparative كَ and relates the second أَرْسَلْنَا clause to the first sending.	resources/attachments.tsv:55917
sx-73_15-00080	ae:v3:s073:015:pass1:attach:a8	73:15	w-s073-a015-w008	w-s073-a015-w010	w-s073-a015-w009	m-w-s073-a015-w008-01	m-w-s073-a015-w010-01	m-w-s073-a015-w009-01	73:15:8:1	73:15:10:1	73:15:9:1	q:73:15:9	q:73:15:11	q:73:15:10	9	11	10	prep_complement	syntactically_forced	high			PV	NOUN_PROP_FOREIGN		إِلَى	position_morpheme_aligned	case_government;local_syntax	فِرْعَوْنَ is governed by إِلَى as the destination complement of أَرْسَلْنَا.	resources/attachments.tsv:55918
sx-73_15-00081	ae:v3:s073:015:pass1:attach:a9	73:15	w-s073-a015-w008	w-s073-a015-w011		m-w-s073-a015-w008-01	m-w-s073-a015-w011-01		73:15:8:1	73:15:11:1		q:73:15:9	q:73:15:12		9	12		direct_object	syntactically_forced	high			PV	NOUN_CONCRETE	explicit		position_morpheme_aligned	case_government;local_syntax	رَسُولًا is the explicit object of the second أَرْسَلْنَا.	resources/attachments.tsv:55919
sx-73_16-00082	ae:v3:s073:016:pass1:attach:a1	73:16	w-s073-a016-w001	w-s073-a016-w002		m-w-s073-a016-w001-02	m-w-s073-a016-w002-01		73:16:1:2	73:16:2:1		q:73:16:2	q:73:16:3		2	3		subject	syntactically_forced	high			PV	NOUN_PROP_FOREIGN			position_morpheme_aligned	word_order;agreement	فِرْعَوْنُ is the explicit subject of عَصَىٰ.	resources/attachments.tsv:55920
sx-73_16-00083	ae:v3:s073:016:pass1:attach:a2	73:16	w-s073-a016-w001	w-s073-a016-w003		m-w-s073-a016-w001-02	m-w-s073-a016-w003-02		73:16:1:2	73:16:3:2		q:73:16:2	q:73:16:4		2	4		direct_object	syntactically_forced	high			PV	NOUN_CONCRETE	explicit		position_morpheme_aligned	case_government;local_syntax	ٱلرَّسُولَ is the explicit object of عَصَىٰ.	resources/attachments.tsv:55921
sx-73_16-00084	ae:v3:s073:016:pass1:attach:a3	73:16	w-s073-a016-w004	w-s073-a016-w004		m-w-s073-a016-w004-02	m-w-s073-a016-w004-02		73:16:4:2	73:16:4:2		q:73:16:6	q:73:16:6		6	6		direct_object	syntactically_forced	high		object_suffix	PV		clitic		position_morpheme_aligned	morphology;local_syntax	The suffix هُ in أَخَذْنَٰهُ is the object pronoun of أَخَذْنَا.	resources/attachments.tsv:55922
sx-73_16-00085	ae:v3:s073:016:pass1:attach:a4	73:16	w-s073-a016-w004	w-s073-a016-w004		m-w-s073-a016-w004-02	m-w-s073-a016-w004-02		73:16:4:2	73:16:4:2		q:73:16:6	q:73:16:7		6	7		cognate_acc	syntactically_forced	high			PV	GERUND			fallback_morpheme_aligned	morphology;local_syntax	أَخْذًا repeats the root of أَخَذْنَٰهُ as a cognate accusative.	resources/attachments.tsv:55923
sx-73_16-00086	ae:v3:s073:016:pass1:attach:a5	73:16	w-s073-a016-w004	w-s073-a016-w006		m-w-s073-a016-w004-02	m-w-s073-a016-w006-01		73:16:4:2	73:16:6:1		q:73:16:7	q:73:16:8		7	8		adjective	strongly_licensed	high			GERUND	ADJ_QUALIT			fallback_morpheme_aligned	agreement;local_syntax	وَبِيلًا agrees with and qualifies أَخْذًا.	resources/attachments.tsv:55924
sx-73_17-00087	ae:v3:s073:017:pass1:attach:a1	73:17	w-s073-a017-w002	w-s073-a017-w001		m-w-s073-a017-w002-01	m-w-s073-a017-w001-02		73:17:2:1	73:17:1:2		q:73:17:3	q:73:17:2		3	2		adverbial	syntactically_forced	high			IV	INTERROG_PRON			position_morpheme_aligned	local_syntax	كَيْفَ is the interrogative manner adverb of تَتَّقُونَ.	resources/attachments.tsv:55925
sx-73_17-00088	ae:v3:s073:017:pass1:attach:a2	73:17	w-s073-a017-w002	w-s073-a017-w005		m-w-s073-a017-w002-01	m-w-s073-a017-w005-01		73:17:2:1	73:17:5:1		q:73:17:3	q:73:17:6		3	6		direct_object	strongly_licensed	high			IV	ADV	explicit		position_morpheme_aligned	case_government;local_syntax	يَوْمًا is the accusative object against which تَتَّقُونَ is directed.	resources/attachments.tsv:55926
sx-73_17-00089	ae:v3:s073:017:pass1:attach:a3	73:17	w-s073-a017-w006	w-s073-a017-w007		m-w-s073-a017-w006-01	m-w-s073-a017-w007-02		73:17:6:1	73:17:7:2		q:73:17:7	q:73:17:8		7	8		direct_object	syntactically_forced	high			IV	NOUN_PASSIVE_PART	explicit		position_morpheme_aligned	case_government;local_syntax	ٱلْوِلْدَٰنَ is the first explicit object of يَجْعَلُ.	resources/attachments.tsv:55927
sx-73_17-00090	ae:v3:s073:017:pass1:attach:a4	73:17	w-s073-a017-w006	w-s073-a017-w008		m-w-s073-a017-w006-01	m-w-s073-a017-w008-01		73:17:6:1	73:17:8:1		q:73:17:7	q:73:17:9		7	9		direct_object	strongly_licensed	high			IV	ADJ_QUALIT	explicit		position_morpheme_aligned	case_government;local_syntax	شِيبًا is the second object complement of يَجْعَلُ.	resources/attachments.tsv:55928
sx-73_18-00091	ae:v3:s073:018:pass1:attach:a1	73:18	w-s073-a018-w001	w-s073-a018-w002		m-w-s073-a018-w001-02	m-w-s073-a018-w002-01		73:18:1:2	73:18:2:1		q:73:18:1	q:73:18:2		1	2		predication	strongly_licensed	high			NOUN_CONCRETE	NOUN_ACTIVE_PART			position_morpheme_aligned	agreement;local_syntax	مُنفَطِرٌ is the predicate of ٱلسَّمَآءُ.	resources/attachments.tsv:55929
sx-73_18-00092	ae:v3:s073:018:pass1:attach:a2	73:18	w-s073-a018-w002	w-s073-a018-w003	w-s073-a018-w003	m-w-s073-a018-w002-01	m-w-s073-a018-w003-02	m-w-s073-a018-w003-01	73:18:2:1	73:18:3:2	73:18:3:1	q:73:18:2	q:73:18:3	q:73:18:3	2	3	3	prep_complement	syntactically_forced	high		pronoun_suffix	NOUN_ACTIVE_PART			بـ	position_morpheme_aligned	case_government;local_syntax	The pronoun هِ in بِهِۦ is governed by بِـ as complement of مُنفَطِرٌ.	resources/attachments.tsv:55930
sx-73_18-00093	ae:v3:s073:018:pass1:attach:a3	73:18	w-s073-a018-w004	w-s073-a018-w005		m-w-s073-a018-w004-01	m-w-s073-a018-w005-01		73:18:4:1	73:18:5:1		q:73:18:4	q:73:18:5		4	5		subject	syntactically_forced	high			PV	GERUND			fallback_morpheme_aligned	word_order;agreement	وَعْدُهُۥ is the nominative ism of كَانَ.	resources/attachments.tsv:55931
sx-73_18-00094	ae:v3:s073:018:pass1:attach:a4	73:18	w-s073-a018-w005	w-s073-a018-w005		m-w-s073-a018-w005-01	m-w-s073-a018-w005-01		73:18:5:1	73:18:5:1		q:73:18:5	q:73:18:5		5	5		idafa	syntactically_forced	high		possessive_suffix	GERUND				fallback_morpheme_aligned	morphology	The suffix هُ in وَعْدُهُۥ is the genitive possessor of وَعْدُ.	resources/attachments.tsv:55932
sx-73_18-00095	ae:v3:s073:018:pass1:attach:a5	73:18	w-s073-a018-w004	w-s073-a018-w006		m-w-s073-a018-w004-01	m-w-s073-a018-w006-01		73:18:4:1	73:18:6:1		q:73:18:4	q:73:18:6		4	6		kana_predicate	syntactically_forced	high			PV	NOUN_PASSIVE_PART			fallback_morpheme_aligned	case_government;local_syntax	مَفْعُولًا is the accusative predicate of كَانَ.	resources/attachments.tsv:55933
sx-73_19-00096	ae:v3:s073:019:pass1:attach:a1	73:19	w-s073-a019-w001	w-s073-a019-w002		m-w-s073-a019-w001-01	m-w-s073-a019-w002-01		73:19:1:1	73:19:2:1		q:73:19:1	q:73:19:2		1	2		particle_complement	syntactically_forced	high			ANNUL_PART	DEM_PRON_F			position_morpheme_aligned	case_government;local_syntax	هَٰذِهِۦ is the governed noun of إِنَّ.	resources/attachments.tsv:55934
sx-73_19-00097	ae:v3:s073:019:pass1:attach:a2	73:19	w-s073-a019-w001	w-s073-a019-w003		m-w-s073-a019-w001-01	m-w-s073-a019-w003-01		73:19:1:1	73:19:3:1		q:73:19:1	q:73:19:3		1	3		predication	strongly_licensed	high			ANNUL_PART	NOUN_ABSTRACT			position_morpheme_aligned	local_syntax	تَذْكِرَةٌ is the predicate of the إِنَّ clause.	resources/attachments.tsv:55935
sx-73_19-00098	ae:v3:s073:019:pass1:attach:a3	73:19	w-s073-a019-w005	w-s073-a019-w004		m-w-s073-a019-w005-01	m-w-s073-a019-w004-02		73:19:5:1	73:19:4:2		q:73:19:6	q:73:19:5		6	5		subject	strongly_licensed	high			PV	INTERROG_PART			position_morpheme_aligned	word_order;local_syntax	مَن is the conditional subject of شَآءَ.	resources/attachments.tsv:55936
sx-73_19-00099	ae:v3:s073:019:pass1:attach:a4	73:19	w-s073-a019-w006	w-s073-a019-w008	w-s073-a019-w007	m-w-s073-a019-w006-01	m-w-s073-a019-w008-01	m-w-s073-a019-w007-01	73:19:6:1	73:19:8:1	73:19:7:1	q:73:19:7	q:73:19:9	q:73:19:8	7	9	8	prep_complement	syntactically_forced	high			PV	NOUN_CONCRETE		إِلَى	position_morpheme_aligned	case_government;local_syntax	رَبِّهِۦ is governed by إِلَى as the goal complement of ٱتَّخَذَ.	resources/attachments.tsv:55937
sx-73_19-00100	ae:v3:s073:019:pass1:attach:a5	73:19	w-s073-a019-w008	w-s073-a019-w008		m-w-s073-a019-w008-01	m-w-s073-a019-w008-01		73:19:8:1	73:19:8:1		q:73:19:9	q:73:19:9		9	9		idafa	syntactically_forced	high		possessive_suffix	NOUN_CONCRETE				position_morpheme_aligned	morphology	The suffix هِ in رَبِّهِۦ is the genitive possessor of رَبِّ.	resources/attachments.tsv:55938
sx-73_19-00101	ae:v3:s073:019:pass1:attach:a6	73:19	w-s073-a019-w006	w-s073-a019-w009		m-w-s073-a019-w006-01	m-w-s073-a019-w009-01		73:19:6:1	73:19:9:1		q:73:19:7	q:73:19:10		7	10		direct_object	syntactically_forced	high			PV	NOUN_ABSTRACT	explicit		position_morpheme_aligned	case_government;local_syntax	سَبِيلًا is the explicit object of ٱتَّخَذَ.	resources/attachments.tsv:55939
sx-73_20-00102	ae:v3:s073:020:pass1:attach:a1	73:20	w-s073-a020-w001	w-s073-a020-w002		m-w-s073-a020-w001-01	m-w-s073-a020-w002-01		73:20:1:1	73:20:2:1		q:73:20:1	q:73:20:2		1	2		particle_complement	syntactically_forced	high			ANNUL_PART	NOUN_CONCRETE			position_morpheme_aligned	case_government;local_syntax	رَبَّكَ is the accusative ism governed by إِنَّ.	resources/attachments.tsv:55940
sx-73_20-00103	ae:v3:s073:020:pass1:attach:a2	73:20	w-s073-a020-w001	w-s073-a020-w003		m-w-s073-a020-w001-01	m-w-s073-a020-w003-01		73:20:1:1	73:20:3:1		q:73:20:1	q:73:20:3		1	3		predication	strongly_licensed	high			ANNUL_PART	IV			position_morpheme_aligned	local_syntax	يَعْلَمُ is the predicate of the إِنَّ clause.	resources/attachments.tsv:55941
sx-73_20-00104	ae:v3:s073:020:pass1:attach:a3	73:20	w-s073-a020-w003	w-s073-a020-w004		m-w-s073-a020-w003-01	m-w-s073-a020-w004-01		73:20:3:1	73:20:4:1		q:73:20:3	q:73:20:4		3	4		clausal_complement	syntactically_forced	high			IV	ANNUL_PART			position_morpheme_aligned	local_syntax	أَنَّكَ تَقُومُ ... is the content governed by يَعْلَمُ.	resources/attachments.tsv:55942
sx-73_20-00105	ae:v3:s073:020:pass1:attach:a4	73:20	w-s073-a020-w004	w-s073-a020-w004		m-w-s073-a020-w004-01	m-w-s073-a020-w004-02		73:20:4:1	73:20:4:2		q:73:20:4	q:73:20:4		4	4		particle_complement	syntactically_forced	high	particle_segment	pronoun_suffix					position_morpheme_aligned	case_government;local_syntax	The suffix كَ in أَنَّكَ is the governed ism of أَنَّ.	resources/attachments.tsv:55943
sx-73_20-00106	ae:v3:s073:020:pass1:attach:a5	73:20	w-s073-a020-w004	w-s073-a020-w005		m-w-s073-a020-w004-01	m-w-s073-a020-w005-01		73:20:4:1	73:20:5:1		q:73:20:4	q:73:20:5		4	5		predication	strongly_licensed	high			ANNUL_PART	IV			position_morpheme_aligned	local_syntax	تَقُومُ is the predicate of أَنَّكَ.	resources/attachments.tsv:55944
sx-73_20-00107	ae:v3:s073:020:pass1:attach:a6	73:20	w-s073-a020-w005	w-s073-a020-w006		m-w-s073-a020-w005-01	m-w-s073-a020-w006-01		73:20:5:1	73:20:6:1		q:73:20:5	q:73:20:6		5	6		adverbial	strongly_licensed	high			IV	ADJ_COMP			position_morpheme_aligned	case_government;local_syntax	أَدْنَىٰ gives the time extent of تَقُومُ.	resources/attachments.tsv:55945
sx-73_20-00108	ae:v3:s073:020:pass1:attach:a7	73:20	w-s073-a020-w006	w-s073-a020-w008	w-s073-a020-w007	m-w-s073-a020-w006-01	m-w-s073-a020-w008-01	m-w-s073-a020-w007-01	73:20:6:1	73:20:8:1	73:20:7:1	q:73:20:6	q:73:20:8	q:73:20:7	6	8	7	prep_complement	syntactically_forced	high			ADJ_COMP	NOUN_NUM		مِن	position_morpheme_aligned	case_government;local_syntax	ثُلُثَيِ is governed by مِنْ as the comparative complement of أَدْنَىٰ.	resources/attachments.tsv:55946
sx-73_20-00109	ae:v3:s073:020:pass1:attach:a8	73:20	w-s073-a020-w008	w-s073-a020-w009		m-w-s073-a020-w008-01	m-w-s073-a020-w009-02		73:20:8:1	73:20:9:2		q:73:20:8	q:73:20:9		8	9		idafa	syntactically_forced	high			NOUN_NUM	NOUN_ABSTRACT			position_morpheme_aligned	morphology;case_government	ٱلَّيْلِ is the genitive complement of construct ثُلُثَيِ.	resources/attachments.tsv:55947
sx-73_20-00110	ae:v3:s073:020:pass1:attach:a9	73:20	w-s073-a020-w006	w-s073-a020-w010		m-w-s073-a020-w006-01	m-w-s073-a020-w010-02		73:20:6:1	73:20:10:2		q:73:20:6	q:73:20:11		6	11		conjoined	strongly_licensed	high			ADJ_COMP	NOUN_ABSTRACT			position_morpheme_aligned	parallelism;local_syntax	نِصْفَهُ continues the accusative time measure begun by أَدْنَىٰ.	resources/attachments.tsv:55948
sx-73_20-00111	ae:v3:s073:020:pass1:attach:a10	73:20	w-s073-a020-w010	w-s073-a020-w011		m-w-s073-a020-w010-02	m-w-s073-a020-w011-02		73:20:10:2	73:20:11:2		q:73:20:11	q:73:20:13		11	13		conjoined	strongly_licensed	high			NOUN_ABSTRACT	NOUN_ABSTRACT			position_morpheme_aligned	parallelism;local_syntax	ثُلُثَهُ is coordinated with نِصْفَهُ in the same time-measure list.	resources/attachments.tsv:55949
sx-73_20-00112	ae:v3:s073:020:pass1:attach:a11	73:20	w-s073-a020-w005	w-s073-a020-w012		m-w-s073-a020-w005-01	m-w-s073-a020-w012-02		73:20:5:1	73:20:12:2		q:73:20:5	q:73:20:15		5	15		conjoined	strongly_licensed	high	subject_agreement			NOUN_CONCRETE			position_morpheme_aligned	agreement;local_syntax	طَآئِفَةٌ is joined to the subject carried by تَقُومُ.	resources/attachments.tsv:55950
sx-73_20-00113	ae:v3:s073:020:pass1:attach:a12	73:20	w-s073-a020-w012	w-s073-a020-w014	w-s073-a020-w013	m-w-s073-a020-w012-02	m-w-s073-a020-w014-01	m-w-s073-a020-w013-01	73:20:12:2	73:20:14:1	73:20:13:1	q:73:20:15	q:73:20:17	q:73:20:16	15	17	16	prep_complement	syntactically_forced	high			NOUN_CONCRETE	REL_PRON		مِن	position_morpheme_aligned	case_government;local_syntax	ٱلَّذِينَ is governed by مِنَ as the partitive complement of طَآئِفَةٌ.	resources/attachments.tsv:55951
sx-73_20-00114	ae:v3:s073:020:pass1:attach:a13	73:20	w-s073-a020-w014	w-s073-a020-w015		m-w-s073-a020-w014-01	m-w-s073-a020-w015-01		73:20:14:1	73:20:15:1		q:73:20:17	q:73:20:18		17	18		predication	strongly_licensed	high			REL_PRON	ADV			position_morpheme_aligned	local_syntax	مَعَكَ predicates the relative clause of ٱلَّذِينَ.	resources/attachments.tsv:55952
sx-73_20-00115	ae:v3:s073:020:pass1:attach:a14	73:20	w-s073-a020-w017	w-s073-a020-w016		m-w-s073-a020-w017-01	m-w-s073-a020-w016-02		73:20:17:1	73:20:16:2		q:73:20:21	q:73:20:20		21	20		subject	strongly_licensed	high			IV	NOUN_PROP			position_morpheme_aligned	agreement;word_order	ٱللَّهُ is the explicit subject of يُقَدِّرُ.	resources/attachments.tsv:55953
sx-73_20-00116	ae:v3:s073:020:pass1:attach:a15	73:20	w-s073-a020-w017	w-s073-a020-w018		m-w-s073-a020-w017-01	m-w-s073-a020-w018-02		73:20:17:1	73:20:18:2		q:73:20:21	q:73:20:22		21	22		direct_object	syntactically_forced	high			IV	NOUN_ABSTRACT	explicit		position_morpheme_aligned	case_government;local_syntax	ٱلَّيْلَ is the accusative object of يُقَدِّرُ.	resources/attachments.tsv:55954
sx-73_20-00117	ae:v3:s073:020:pass1:attach:a16	73:20	w-s073-a020-w018	w-s073-a020-w019		m-w-s073-a020-w018-02	m-w-s073-a020-w019-03		73:20:18:2	73:20:19:3		q:73:20:22	q:73:20:24		22	24		conjoined	strongly_licensed	high			NOUN_ABSTRACT	NOUN_ABSTRACT			position_morpheme_aligned	parallelism;case_government	ٱلنَّهَارَ is coordinated with ٱلَّيْلَ as a second measured object.	resources/attachments.tsv:55955
sx-73_20-00118	ae:v3:s073:020:pass1:attach:a17	73:20	w-s073-a020-w020	w-s073-a020-w021		m-w-s073-a020-w020-01	m-w-s073-a020-w021-01		73:20:20:1	73:20:21:1		q:73:20:25	q:73:20:26		25	26		clausal_complement	syntactically_forced	high			PV:I	SUBJUNC_PART			position_morpheme_aligned	local_syntax	أَنْ لَنْ تُحْصُوهُ is the content governed by عَلِمَ.	resources/attachments.tsv:55956
sx-73_20-00119	ae:v3:s073:020:pass1:attach:a18	73:20	w-s073-a020-w023	w-s073-a020-w023		m-w-s073-a020-w023-01	m-w-s073-a020-w023-01		73:20:23:1	73:20:23:1		q:73:20:28	q:73:20:28		28	28		direct_object	syntactically_forced	high		object_suffix	IV		clitic		position_morpheme_aligned	morphology;local_syntax	The suffix هُ in تُحْصُوهُ is the object of تُحْصُوا.	resources/attachments.tsv:55957
sx-73_20-00120	ae:v3:s073:020:pass1:attach:a19	73:20	w-s073-a020-w024	w-s073-a020-w025	w-s073-a020-w025	m-w-s073-a020-w024-02	m-w-s073-a020-w025-02	m-w-s073-a020-w025-01	73:20:24:2	73:20:25:2	73:20:25:1	q:73:20:30	q:73:20:31	q:73:20:31	30	31	31	prep_complement	syntactically_forced	high		pronoun_suffix	PV			عَلَى	position_morpheme_aligned	case_government;local_syntax	The pronoun كُمْ in عَلَيْكُمْ is governed by عَلَى as complement of تَابَ.	resources/attachments.tsv:55958
sx-73_20-00121	ae:v3:s073:020:pass1:attach:a20	73:20	w-s073-a020-w026	w-s073-a020-w027		m-w-s073-a020-w026-02	m-w-s073-a020-w027-01		73:20:26:2	73:20:27:1		q:73:20:33	q:73:20:34		33	34		direct_object	syntactically_forced	high			CV	REL_PRON	explicit		position_morpheme_aligned	local_syntax	مَا تَيَسَّرَ مِنَ ٱلْقُرْءَانِ is the object of ٱقْرَءُوا.	resources/attachments.tsv:55959
sx-73_20-00122	ae:v3:s073:020:pass1:attach:a21	73:20	w-s073-a020-w028	w-s073-a020-w027		m-w-s073-a020-w028-01	m-w-s073-a020-w027-01		73:20:28:1	73:20:27:1		q:73:20:35	q:73:20:34		35	34		subject	syntactically_forced	high			PV	REL_PRON			position_morpheme_aligned	local_syntax	مَا is the subject of تَيَسَّرَ inside the relative clause.	resources/attachments.tsv:55960
sx-73_20-00123	ae:v3:s073:020:pass1:attach:a22	73:20	w-s073-a020-w028	w-s073-a020-w030	w-s073-a020-w029	m-w-s073-a020-w028-01	m-w-s073-a020-w030-02	m-w-s073-a020-w029-01	73:20:28:1	73:20:30:2	73:20:29:1	q:73:20:35	q:73:20:37	q:73:20:36	35	37	36	prep_complement	syntactically_forced	high			PV	NOUN_CONCRETE		مِن	position_morpheme_aligned	case_government;local_syntax	ٱلْقُرْءَانِ is governed by مِنَ as complement of تَيَسَّرَ.	resources/attachments.tsv:55961
sx-73_20-00124	ae:v3:s073:020:pass1:attach:a23	73:20	w-s073-a020-w031	w-s073-a020-w032		m-w-s073-a020-w031-01	m-w-s073-a020-w032-01		73:20:31:1	73:20:32:1		q:73:20:38	q:73:20:39		38	39		clausal_complement	syntactically_forced	high			PV:I	SUBJUNC_PART			position_morpheme_aligned	local_syntax	أَنْ سَيَكُونُ ... فِى سَبِيلِ ٱللَّهِ is the content governed by عَلِمَ.	resources/attachments.tsv:55962
sx-73_20-00125	ae:v3:s073:020:pass1:attach:a24	73:20	w-s073-a020-w033	w-s073-a020-w035		m-w-s073-a020-w033-02	m-w-s073-a020-w035-01		73:20:33:2	73:20:35:1		q:73:20:40	q:73:20:42		40	42		subject	strongly_licensed	high			IV	ADJ_QUALIT			fallback_morpheme_aligned	local_syntax;word_order	مَرْضَىٰ is the delayed ism of سَيَكُونُ.	resources/attachments.tsv:55963
sx-73_20-00126	ae:v3:s073:020:pass1:attach:a25	73:20	w-s073-a020-w033	w-s073-a020-w034	w-s073-a020-w034	m-w-s073-a020-w033-02	m-w-s073-a020-w034-02	m-w-s073-a020-w034-01	73:20:33:2	73:20:34:2	73:20:34:1	q:73:20:40	q:73:20:41	q:73:20:41	40	41	41	prep_complement	syntactically_forced	high		pronoun_suffix	IV			مِن	fallback_morpheme_aligned	case_government;local_syntax	The pronoun كُمْ in مِنكُمْ is governed by مِن as the fronted complement with سَيَكُونُ.	resources/attachments.tsv:55964
sx-73_20-00127	ae:v3:s073:020:pass1:attach:a26	73:20	w-s073-a020-w033	w-s073-a020-w034		m-w-s073-a020-w033-02	m-w-s073-a020-w034-01		73:20:33:2	73:20:34:1		q:73:20:40	q:73:20:41		40	41		kana_predicate	strongly_licensed	high			IV	PREP			fallback_morpheme_aligned	local_syntax;word_order	مِنكُمْ functions as the fronted predicate of سَيَكُونُ.	resources/attachments.tsv:55965
sx-73_20-00128	ae:v3:s073:020:pass1:attach:a27	73:20	w-s073-a020-w035	w-s073-a020-w036		m-w-s073-a020-w035-01	m-w-s073-a020-w036-02		73:20:35:1	73:20:36:2		q:73:20:42	q:73:20:44		42	44		conjoined	strongly_licensed	high			ADJ_QUALIT	ADJ_COMP			fallback_morpheme_aligned	parallelism;local_syntax	ءَاخَرُونَ is coordinated with مَرْضَىٰ as another group in the content clause.	resources/attachments.tsv:55966
sx-73_20-00129	ae:v3:s073:020:pass1:attach:a28	73:20	w-s073-a020-w037	w-s073-a020-w036		m-w-s073-a020-w037-01	m-w-s073-a020-w036-02		73:20:37:1	73:20:36:2		q:73:20:45	q:73:20:44		45	44		subject	syntactically_forced	high			IV	ADJ_COMP			fallback_morpheme_aligned	agreement;word_order	ءَاخَرُونَ is the explicit subject of يَضْرِبُونَ.	resources/attachments.tsv:55967
sx-73_20-00130	ae:v3:s073:020:pass1:attach:a29	73:20	w-s073-a020-w037	w-s073-a020-w039	w-s073-a020-w038	m-w-s073-a020-w037-01	m-w-s073-a020-w039-02	m-w-s073-a020-w038-01	73:20:37:1	73:20:39:2	73:20:38:1	q:73:20:45	q:73:20:47	q:73:20:46	45	47	46	prep_complement	syntactically_forced	high			IV	NOUN_CONCRETE		فِي	fallback_morpheme_aligned	case_government;local_syntax	ٱلْأَرْضِ is governed by فِى as complement of يَضْرِبُونَ.	resources/attachments.tsv:55968
sx-73_20-00131	ae:v3:s073:020:pass1:attach:a30	73:20	w-s073-a020-w037	w-s073-a020-w040		m-w-s073-a020-w037-01	m-w-s073-a020-w040-01		73:20:37:1	73:20:40:1		q:73:20:45	q:73:20:48		45	48		circumstantial	strongly_licensed	high			IV	IV			fallback_morpheme_aligned	local_syntax	يَبْتَغُونَ مِن فَضْلِ ٱللَّهِ describes the purpose or attendant state of يَضْرِبُونَ.	resources/attachments.tsv:55969
sx-73_20-00132	ae:v3:s073:020:pass1:attach:a31	73:20	w-s073-a020-w040	w-s073-a020-w042	w-s073-a020-w041	m-w-s073-a020-w040-01	m-w-s073-a020-w042-01	m-w-s073-a020-w041-01	73:20:40:1	73:20:42:1	73:20:41:1	q:73:20:48	q:73:20:50	q:73:20:49	48	50	49	prep_complement	syntactically_forced	high			IV	GERUND		مِن	fallback_morpheme_aligned	case_government;local_syntax	فَضْلِ is governed by مِن as complement of يَبْتَغُونَ.	resources/attachments.tsv:55970
sx-73_20-00133	ae:v3:s073:020:pass1:attach:a32	73:20	w-s073-a020-w042	w-s073-a020-w043		m-w-s073-a020-w042-01	m-w-s073-a020-w043-01		73:20:42:1	73:20:43:1		q:73:20:50	q:73:20:51		50	51		idafa	syntactically_forced	high			GERUND	NOUN_PROP			fallback_morpheme_aligned	morphology;case_government	ٱللَّهِ is the genitive complement of construct فَضْلِ.	resources/attachments.tsv:55971
sx-73_20-00134	ae:v3:s073:020:pass1:attach:a33	73:20	w-s073-a020-w035	w-s073-a020-w044		m-w-s073-a020-w035-01	m-w-s073-a020-w044-02		73:20:35:1	73:20:44:2		q:73:20:42	q:73:20:53		42	53		conjoined	strongly_licensed	high			ADJ_QUALIT	ADJ_COMP			fallback_morpheme_aligned	parallelism;local_syntax	ءَاخَرُونَ is coordinated with مَرْضَىٰ as another group in the excuse list.	resources/attachments.tsv:55972
sx-73_20-00135	ae:v3:s073:020:pass1:attach:a34	73:20	w-s073-a020-w045	w-s073-a020-w044		m-w-s073-a020-w045-01	m-w-s073-a020-w044-02		73:20:45:1	73:20:44:2		q:73:20:54	q:73:20:53		54	53		subject	syntactically_forced	high			IV	ADJ_COMP			fallback_morpheme_aligned	agreement;word_order	ءَاخَرُونَ is the explicit subject of يُقَٰتِلُونَ.	resources/attachments.tsv:55973
sx-73_20-00136	ae:v3:s073:020:pass1:attach:a35	73:20	w-s073-a020-w045	w-s073-a020-w047	w-s073-a020-w046	m-w-s073-a020-w045-01	m-w-s073-a020-w047-01	m-w-s073-a020-w046-01	73:20:45:1	73:20:47:1	73:20:46:1	q:73:20:54	q:73:20:56	q:73:20:55	54	56	55	prep_complement	syntactically_forced	high			IV	NOUN_ABSTRACT		فِي	fallback_morpheme_aligned	case_government;local_syntax	سَبِيلِ is governed by فِى as complement of يُقَٰتِلُونَ.	resources/attachments.tsv:55974
sx-73_20-00137	ae:v3:s073:020:pass1:attach:a36	73:20	w-s073-a020-w047	w-s073-a020-w048		m-w-s073-a020-w047-01	m-w-s073-a020-w048-01		73:20:47:1	73:20:48:1		q:73:20:56	q:73:20:57		56	57		idafa	syntactically_forced	high			NOUN_ABSTRACT	NOUN_PROP			fallback_morpheme_aligned	morphology;case_government	ٱللَّهِ is the genitive complement of construct سَبِيلِ.	resources/attachments.tsv:55975
sx-73_20-00138	ae:v3:s073:020:pass1:attach:a37	73:20	w-s073-a020-w049	w-s073-a020-w050		m-w-s073-a020-w049-02	m-w-s073-a020-w050-01		73:20:49:2	73:20:50:1		q:73:20:59	q:73:20:60		59	60		direct_object	syntactically_forced	high			CV	REL_PRON	explicit		fallback_morpheme_aligned	local_syntax	مَا تَيَسَّرَ مِنْهُ is the object of the second ٱقْرَءُوا.	resources/attachments.tsv:55976
sx-73_20-00139	ae:v3:s073:020:pass1:attach:a38	73:20	w-s073-a020-w051	w-s073-a020-w050		m-w-s073-a020-w051-01	m-w-s073-a020-w050-01		73:20:51:1	73:20:50:1		q:73:20:61	q:73:20:60		61	60		subject	syntactically_forced	high			PV	REL_PRON			fallback_morpheme_aligned	local_syntax	مَا is the subject of the second تَيَسَّرَ.	resources/attachments.tsv:55977
sx-73_20-00140	ae:v3:s073:020:pass1:attach:a39	73:20	w-s073-a020-w051	w-s073-a020-w052	w-s073-a020-w052	m-w-s073-a020-w051-01	m-w-s073-a020-w052-02	m-w-s073-a020-w052-01	73:20:51:1	73:20:52:2	73:20:52:1	q:73:20:61	q:73:20:62	q:73:20:62	61	62	62	prep_complement	syntactically_forced	high		pronoun_suffix	PV			مِن	fallback_morpheme_aligned	case_government;local_syntax	The suffix هُ in مِنْهُ is governed by مِن as complement of تَيَسَّرَ.	resources/attachments.tsv:55978
sx-73_20-00141	ae:v3:s073:020:pass1:attach:a40	73:20	w-s073-a020-w053	w-s073-a020-w054		m-w-s073-a020-w053-02	m-w-s073-a020-w054-02		73:20:53:2	73:20:54:2		q:73:20:64	q:73:20:65		64	65		direct_object	syntactically_forced	high			CV	GERUND	explicit		fallback_morpheme_aligned	case_government;local_syntax	ٱلصَّلَوٰةَ is the object of أَقِيمُوا.	resources/attachments.tsv:55979
sx-73_20-00142	ae:v3:s073:020:pass1:attach:a41	73:20	w-s073-a020-w055	w-s073-a020-w056		m-w-s073-a020-w055-02	m-w-s073-a020-w056-02		73:20:55:2	73:20:56:2		q:73:20:67	q:73:20:68		67	68		direct_object	syntactically_forced	high			CV	NOUN_ABSTRACT	explicit		fallback_morpheme_aligned	case_government;local_syntax	ٱلزَّكَوٰةَ is the object of ءَاتُوا.	resources/attachments.tsv:55980
sx-73_20-00143	ae:v3:s073:020:pass1:attach:a42	73:20	w-s073-a020-w057	w-s073-a020-w058		m-w-s073-a020-w057-02	m-w-s073-a020-w058-01		73:20:57:2	73:20:58:1		q:73:20:70	q:73:20:71		70	71		direct_object	syntactically_forced	high			CV	NOUN_PROP	explicit		fallback_morpheme_aligned	case_government;local_syntax	ٱللَّهَ is the object of أَقْرِضُوا.	resources/attachments.tsv:55981
sx-73_20-00144	ae:v3:s073:020:pass1:attach:a43	73:20	w-s073-a020-w057	w-s073-a020-w059		m-w-s073-a020-w057-02	m-w-s073-a020-w059-01		73:20:57:2	73:20:59:1		q:73:20:70	q:73:20:72		70	72		cognate_acc	syntactically_forced	high			CV	GERUND			fallback_morpheme_aligned	morphology;local_syntax	قَرْضًا is the cognate accusative of أَقْرِضُوا.	resources/attachments.tsv:55982
sx-73_20-00145	ae:v3:s073:020:pass1:attach:a44	73:20	w-s073-a020-w059	w-s073-a020-w060		m-w-s073-a020-w059-01	m-w-s073-a020-w060-01		73:20:59:1	73:20:60:1		q:73:20:72	q:73:20:73		72	73		adjective	strongly_licensed	high			GERUND	GERUND			fallback_morpheme_aligned	agreement;local_syntax	حَسَنًا modifies قَرْضًا in case and indefiniteness.	resources/attachments.tsv:55983
sx-73_20-00146	ae:v3:s073:020:pass1:attach:a45	73:20	w-s073-a020-w062	w-s073-a020-w061		m-w-s073-a020-w062-01	m-w-s073-a020-w061-02		73:20:62:1	73:20:61:2		q:73:20:76	q:73:20:75		76	75		direct_object	syntactically_forced	high			PV	REL_PRON	explicit		fallback_morpheme_aligned	local_syntax	مَا is the conditional object of تُقَدِّمُوا.	resources/attachments.tsv:55984
sx-73_20-00147	ae:v3:s073:020:pass1:attach:a46	73:20	w-s073-a020-w062	w-s073-a020-w063	w-s073-a020-w063	m-w-s073-a020-w062-01	m-w-s073-a020-w063-02	m-w-s073-a020-w063-01	73:20:62:1	73:20:63:2	73:20:63:1	q:73:20:76	q:73:20:78	q:73:20:77	76	78	77	prep_complement	syntactically_forced	high			PV	NOUN_ABSTRACT		لـ	fallback_morpheme_aligned	case_government;local_syntax	أَنفُسِكُمْ is governed by لِ as beneficiary complement of تُقَدِّمُوا.	resources/attachments.tsv:55985
sx-73_20-00148	ae:v3:s073:020:pass1:attach:a47	73:20	w-s073-a020-w061	w-s073-a020-w065	w-s073-a020-w064	m-w-s073-a020-w061-02	m-w-s073-a020-w065-01	m-w-s073-a020-w064-01	73:20:61:2	73:20:65:1	73:20:64:1	q:73:20:75	q:73:20:80	q:73:20:79	75	80	79	prep_complement	syntactically_forced	high			REL_PRON	GERUND		مِن	fallback_morpheme_aligned	case_government;local_syntax	خَيْرٍ is governed by مِنْ as the explanatory complement of مَا.	resources/attachments.tsv:55986
sx-73_20-00149	ae:v3:s073:020:pass1:attach:a48	73:20	w-s073-a020-w066	w-s073-a020-w066		m-w-s073-a020-w066-01	m-w-s073-a020-w066-01		73:20:66:1	73:20:66:1		q:73:20:81	q:73:20:81		81	81		direct_object	syntactically_forced	high		object_suffix	IV		clitic		fallback_morpheme_aligned	morphology;local_syntax	The suffix هُ in تَجِدُوهُ is the first object of تَجِدُوا.	resources/attachments.tsv:55987
sx-73_20-00150	ae:v3:s073:020:pass1:attach:a49	73:20	w-s073-a020-w066	w-s073-a020-w067		m-w-s073-a020-w066-01	m-w-s073-a020-w067-01		73:20:66:1	73:20:67:1		q:73:20:81	q:73:20:82		81	82		adverbial	strongly_licensed	high			IV	ADV			fallback_morpheme_aligned	local_syntax	عِندَ ٱللَّهِ gives the place of finding for تَجِدُوهُ.	resources/attachments.tsv:55988
sx-73_20-00151	ae:v3:s073:020:pass1:attach:a50	73:20	w-s073-a020-w067	w-s073-a020-w068		m-w-s073-a020-w067-01	m-w-s073-a020-w068-01		73:20:67:1	73:20:68:1		q:73:20:82	q:73:20:83		82	83		idafa	syntactically_forced	high			ADV	NOUN_PROP			fallback_morpheme_aligned	morphology;case_government	ٱللَّهِ is the genitive complement of عِندَ.	resources/attachments.tsv:55989
sx-73_20-00152	ae:v3:s073:020:pass1:attach:a51	73:20	w-s073-a020-w066	w-s073-a020-w070		m-w-s073-a020-w066-01	m-w-s073-a020-w070-01		73:20:66:1	73:20:70:1		q:73:20:81	q:73:20:85		81	85		direct_object	strongly_licensed	high			IV	GERUND	explicit		fallback_morpheme_aligned	case_government;local_syntax	خَيْرًا is the second object complement of تَجِدُوهُ after the separating هُوَ.	resources/attachments.tsv:55990
sx-73_20-00153	ae:v3:s073:020:pass1:attach:a52	73:20	w-s073-a020-w070	w-s073-a020-w071		m-w-s073-a020-w070-01	m-w-s073-a020-w071-02		73:20:70:1	73:20:71:2		q:73:20:85	q:73:20:87		85	87		conjoined	strongly_licensed	high			GERUND	ADJ_COMP			fallback_morpheme_aligned	parallelism;case_government	أَعْظَمَ is coordinated with خَيْرًا as another accusative object complement.	resources/attachments.tsv:55991
sx-73_20-00154	ae:v3:s073:020:pass1:attach:a53	73:20	w-s073-a020-w071	w-s073-a020-w072		m-w-s073-a020-w071-02	m-w-s073-a020-w072-01		73:20:71:2	73:20:72:1		q:73:20:87	q:73:20:88		87	88		accusative_specification	syntactically_forced	high			ADJ_COMP	GERUND			fallback_morpheme_aligned	case_government;local_syntax	أَجْرًا specifies the respect in which أَعْظَمَ applies.	resources/attachments.tsv:55992
sx-73_20-00155	ae:v3:s073:020:pass1:attach:a54	73:20	w-s073-a020-w073	w-s073-a020-w074		m-w-s073-a020-w073-02	m-w-s073-a020-w074-01		73:20:73:2	73:20:74:1		q:73:20:90	q:73:20:91		90	91		direct_object	syntactically_forced	high			CV	NOUN_PROP	explicit		fallback_morpheme_aligned	case_government;local_syntax	ٱللَّهَ is the object of ٱسْتَغْفِرُوا.	resources/attachments.tsv:55993
sx-73_20-00156	ae:v3:s073:020:pass1:attach:a55	73:20	w-s073-a020-w075	w-s073-a020-w076		m-w-s073-a020-w075-01	m-w-s073-a020-w076-01		73:20:75:1	73:20:76:1		q:73:20:92	q:73:20:93		92	93		particle_complement	syntactically_forced	high			INF_ANNUL_PART	NOUN_PROP			fallback_morpheme_aligned	case_government;local_syntax	ٱللَّهَ is the accusative ism governed by إِنَّ.	resources/attachments.tsv:55994
sx-73_20-00157	ae:v3:s073:020:pass1:attach:a56	73:20	w-s073-a020-w075	w-s073-a020-w077		m-w-s073-a020-w075-01	m-w-s073-a020-w077-01		73:20:75:1	73:20:77:1		q:73:20:92	q:73:20:94		92	94		predication	syntactically_forced	high			INF_ANNUL_PART	ADJ_INTENS			fallback_morpheme_aligned	local_syntax	غَفُورٌ is a predicate of the closing إِنَّ clause.	resources/attachments.tsv:55995
sx-73_20-00158	ae:v3:s073:020:pass1:attach:a57	73:20	w-s073-a020-w075	w-s073-a020-w078		m-w-s073-a020-w075-01	m-w-s073-a020-w078-01		73:20:75:1	73:20:78:1		q:73:20:92	q:73:20:95		92	95		predication	strongly_licensed	high			INF_ANNUL_PART	ADJ_INTENS			fallback_morpheme_aligned	local_syntax	رَحِيمٌ is a second predicate in إِنَّ ٱللَّهَ غَفُورٌ رَّحِيمٌ.	resources/attachments.tsv:55996
sx-73_20-00159	ae:v3:s073:020:pass1:attach:a58	73:20	w-s073-a020-w002	w-s073-a020-w002		m-w-s073-a020-w002-01	m-w-s073-a020-w002-01		73:20:2:1	73:20:2:1		q:73:20:2	q:73:20:2		2	2		idafa	syntactically_forced	high		possessive_suffix	NOUN_CONCRETE				position_morpheme_aligned	morphology;local_syntax	The suffix كَ in رَبَّكَ is the genitive possessor of رَبّ.	resources/attachments.tsv:55997
sx-73_20-00160	ae:v3:s073:020:pass1:attach:a59	73:20	w-s073-a020-w010	w-s073-a020-w010		m-w-s073-a020-w010-02	m-w-s073-a020-w010-02		73:20:10:2	73:20:10:2		q:73:20:11	q:73:20:11		11	11		idafa	syntactically_forced	high		possessive_suffix	NOUN_ABSTRACT				position_morpheme_aligned	morphology;local_syntax	The suffix هُ in نِصْفَهُ is the genitive possessor complement of نِصْف.	resources/attachments.tsv:55998
sx-73_20-00161	ae:v3:s073:020:pass1:attach:a60	73:20	w-s073-a020-w011	w-s073-a020-w011		m-w-s073-a020-w011-02	m-w-s073-a020-w011-02		73:20:11:2	73:20:11:2		q:73:20:13	q:73:20:13		13	13		idafa	syntactically_forced	high		possessive_suffix	NOUN_ABSTRACT				position_morpheme_aligned	morphology;local_syntax	The suffix هُ in ثُلُثَهُ is the genitive possessor complement of ثُلُث.	resources/attachments.tsv:55999
sx-73_20-00162	ae:v3:s073:020:pass1:attach:a61	73:20	w-s073-a020-w015	w-s073-a020-w015		m-w-s073-a020-w015-01	m-w-s073-a020-w015-01		73:20:15:1	73:20:15:1		q:73:20:18	q:73:20:18		18	18		idafa	syntactically_forced	high		possessive_suffix	ADV				position_morpheme_aligned	morphology;local_syntax	The suffix كَ in مَعَكَ is the genitive complement of the ظرف مَعَ.	resources/attachments.tsv:56000
sx-73_20-00163	ae:v3:s073:020:pass1:attach:a62	73:20	w-s073-a020-w022	w-s073-a020-w023		m-w-s073-a020-w022-01	m-w-s073-a020-w023-01		73:20:22:1	73:20:23:1		q:73:20:27	q:73:20:28		27	28		particle_complement	syntactically_forced	high			SUBJUNC_PART	IV			position_morpheme_aligned	case_government;local_syntax	لَنْ governs تُحْصُوهُ as its negated subjunctive verbal complement.	resources/attachments.tsv:56001
sx-73_20-00164	ae:v3:s073:020:pass1:attach:a63	73:20	w-s073-a020-w049	w-s073-a020-w053		m-w-s073-a020-w049-02	m-w-s073-a020-w053-02		73:20:49:2	73:20:53:2		q:73:20:59	q:73:20:64		59	64		conjoined	strongly_licensed	high			CV	CV			position_morpheme_aligned	parallelism;local_syntax	أَقِيمُوا is coordinated with the preceding imperative ٱقْرَءُوا.	resources/attachments.tsv:56002
sx-73_20-00165	ae:v3:s073:020:pass1:attach:a64	73:20	w-s073-a020-w053	w-s073-a020-w055		m-w-s073-a020-w053-02	m-w-s073-a020-w055-02		73:20:53:2	73:20:55:2		q:73:20:64	q:73:20:67		64	67		conjoined	strongly_licensed	high			CV	CV			position_morpheme_aligned	parallelism;local_syntax	ءَاتُوا continues the coordinated imperative chain after أَقِيمُوا.	resources/attachments.tsv:56003
sx-73_20-00166	ae:v3:s073:020:pass1:attach:a65	73:20	w-s073-a020-w053	w-s073-a020-w057		m-w-s073-a020-w053-02	m-w-s073-a020-w057-02		73:20:53:2	73:20:57:2		q:73:20:64	q:73:20:70		64	70		conjoined	strongly_licensed	high			CV	CV			position_morpheme_aligned	parallelism;local_syntax	أَقْرِضُوا is another imperative coordinated with أَقِيمُوا.	resources/attachments.tsv:56004
sx-73_20-00167	ae:v3:s073:020:pass1:attach:a66	73:20	w-s073-a020-w063	w-s073-a020-w063		m-w-s073-a020-w063-02	m-w-s073-a020-w063-02		73:20:63:2	73:20:63:2		q:73:20:78	q:73:20:78		78	78		idafa	syntactically_forced	high		possessive_suffix	NOUN_ABSTRACT				position_morpheme_aligned	morphology;local_syntax	The suffix كُمْ in أَنفُسِكُمْ is the genitive possessor of أَنفُسِ.	resources/attachments.tsv:56005
sx-73_20-00168	ae:v3:s073:020:pass1:attach:a67	73:20	w-s073-a020-w053	w-s073-a020-w073		m-w-s073-a020-w053-02	m-w-s073-a020-w073-02		73:20:53:2	73:20:73:2		q:73:20:64	q:73:20:90		64	90		conjoined	strongly_licensed	high			CV	CV			position_morpheme_aligned	parallelism;local_syntax	ٱسْتَغْفِرُوا resumes the coordinated imperative series with أَقِيمُوا and the following commands.	resources/attachments.tsv:56006
