evidence_id	claim_id	occurrence_ref	word_index	word_id	morpheme_id	surface	lemma	pos	root	branch	inventory_pointer	inventory_match	form_fit	construction_fit	evidence_role	lexical_status	translation_role	resonance_eligible	trigger_score	proximity_score	structure_score	reading_gain_score	robustness_score	resonance_score	resonance_strength	support_refs	linguistic_support_ids	counterevidence	decision_reason
e-s001-1_0-mercy-formative-enclosure-001	s001-1_0-mercy-formative-enclosure	1:0	3	w-s001-a000-w003	m-w-s001-a000-w003-02	رَّحْمَٰنِ	رَّحْمَٰن	ADJ	ر ح م	B001	v12/runs/s001/full_context_packet.json:631	yes	exact	exact	lexical_anchor	direct	governing	not_applicable							none	1:2;1:3;1:5;1:6	sx-1_0-00003	B001 licenses mercy and tenderness, but it does not itself entail a womb-like enclosure or a causal theory of formation.	The QAC-bound word 3 is the adjective al-Rahman, and B001 expressly includes al-Rahman among the mercy-derived names; this is the governing direct lexical floor for the enclosure resonance.
e-s001-1_0-mercy-formative-enclosure-002	s001-1_0-mercy-formative-enclosure	1:0	4	w-s001-a000-w004	m-w-s001-a000-w004-02	رَّحِيمِ	رَّحِيم	ADJ	ر ح م	B001	v12/runs/s001/full_context_packet.json:631	yes	exact	compatible	lexical_anchor	direct	governing	not_applicable							none	1:2;1:3;1:5;1:6		B001 licenses mercy and tenderness, but it does not itself entail a womb-like enclosure or a causal theory of formation.	The QAC-bound word 4 is the distinct genitive adjective al-Rahim, which B001 expressly includes among the mercy-derived names, so its form is direct and its morphology is compatible with the epithet construction. The supplied fallback attachment for the second epithet resolves to word 3, not word 4, so no syntax ID is re-bound or cited for this occurrence.
e-s001-1_0-mercy-formative-enclosure-003	s001-1_0-mercy-formative-enclosure	1:0	3	w-s001-a000-w003	m-w-s001-a000-w003-02	رَّحْمَٰنِ	رَّحْمَٰن	ADJ	ر ح م	B002	v12/runs/s001/full_context_packet.json:648	yes	mismatch	mismatch	target_root_resonance	unlicensed	none	no							none	1:2;1:3;1:5;1:6	sx-1_0-00003	Al-Rahman is an adjectival divine epithet, while B002 covers kinship, descent, and maintaining or severing family ties; none of the named activators supplies a kinship construction.	The kinship attempt is retained, but it fails the resonance gate: root identity and general dependency do not provide a named kinship activator or an explicit structural relation specific to B002.
e-s001-1_0-mercy-formative-enclosure-004	s001-1_0-mercy-formative-enclosure	1:0	4	w-s001-a000-w004	m-w-s001-a000-w004-02	رَّحِيمِ	رَّحِيم	ADJ	ر ح م	B002	v12/runs/s001/full_context_packet.json:648	yes	mismatch	mismatch	target_root_resonance	unlicensed	none	no							none	1:2;1:3;1:5;1:6		The QAC form is the adjective al-Rahim, not a kinship noun, and the later nurture, aid, and guidance language contains no descent or family-tie construction.	This second mercy occurrence is retained separately, but B002 remains unlicensed because no named activator or structural relation specifically activates kinship; the attachment fallback is not re-bound from word 3 to word 4.
e-s001-1_0-mercy-formative-enclosure-005	s001-1_0-mercy-formative-enclosure	1:0	3	w-s001-a000-w003	m-w-s001-a000-w003-02	رَّحْمَٰنِ	رَّحْمَٰن	ADJ	ر ح م	B003	v12/runs/s001/full_context_packet.json:665	yes	mismatch	mismatch	target_root_resonance	analogical_resonance	none	yes	2	2	2	2	1	9	strong	1:2;1:3;1:5;1:6	sx-1_0-00003	Al-Rahman is an adjective whose ordinary selection is B001, not the female-womb noun of B003; mercy plus nurture can explain the sequence without gestational imagery.	B003 does not govern the form, but the exact target root, stagewise nurture in 1:2, repetition of the mercy pair in 1:3, and dependent aid and guidance provide a specific bracketed growth structure and a coherent formative-enclosure reading. The adjectival-versus-nominal mismatch is therefore licensed only as analogy.
e-s001-1_0-mercy-formative-enclosure-006	s001-1_0-mercy-formative-enclosure	1:0	4	w-s001-a000-w004	m-w-s001-a000-w004-02	رَّحِيمِ	رَّحِيم	ADJ	ر ح م	B003	v12/runs/s001/full_context_packet.json:665	yes	mismatch	mismatch	target_root_resonance	analogical_resonance	none	yes	2	2	2	2	1	9	strong	1:2;1:3;1:5;1:6		QAC identifies al-Rahim as a distinct adjective with a long-vowel lemma, not the womb noun; the developmental sequence is also fully compatible with ordinary mercy.	For word 4, B003 likewise cannot govern translation, yet the exact root anchor and the nurture-repetition-aid-guidance sequence satisfy the analogy gate and yield the same formative shelter. No syntax edge is re-bound to this occurrence because the supplied fallback remains attached to word 3.
e-s001-1_0-mercy-formative-enclosure-007	s001-1_0-mercy-formative-enclosure	1:2	3	w-s001-a002-w003	m-w-s001-a002-w003-01	رَبِّ	رَبّ	N	ر ب ب	B002	v12/runs/s001/full_context_packet.json:811	yes	compatible	compatible	context_support	contextually_activated	none	not_applicable							none	1:2	sx-1_2-00007;sx-1_2-00008	The title Rabb does not by morphology alone assert child-development or a stagewise process.	Rabb is appositional to Allah and heads the genitive domain 'of the worlds'; that construction compatibly activates B002 administration, nurture, and completion, while leaving it a contextual modifier rather than a replacement for the title.
e-s001-1_0-mercy-formative-enclosure-008	s001-1_0-mercy-formative-enclosure	1:5	4	w-s001-a005-w004	m-w-s001-a005-w004-01	نَسْتَعِينُ	ٱسْتَعِينُ	V	ع و ن	B001	v12/runs/s001/full_context_packet.json:1708	yes	exact	exact	context_support	direct	none	not_applicable							none	1:5	sx-1_5-00013	Seeking help establishes dependence, but it does not itself lexicalize gestation or enclosure.	The Form X imperfect nasta'in directly instantiates B001 seeking help, and its fronted object marks the addressee from whom help is sought; it is direct contextual support for dependent development.
e-s001-1_0-mercy-formative-enclosure-009	s001-1_0-mercy-formative-enclosure	1:6	1	w-s001-a006-w001	m-w-s001-a006-w001-01	ٱهْدِ	هَدَى	V	ه د ي	B001	v12/runs/s001/full_context_packet.json:1849	yes	exact	exact	context_support	direct	none	not_applicable							none	1:6	sx-1_6-00015;sx-1_6-00016	The imperative requests guidance toward a path, not biological formation.	The imperative ihdina directly instantiates B001 guidance, with 'us' as its object and the path as its explicit governed object; it directly supports the later guidance component without governing the womb analogy.
e-s001-1_0-mercy-frames-reckoning-001	s001-1_0-mercy-frames-reckoning	1:0	3	w-s001-a000-w003	m-w-s001-a000-w003-02	رَّحْمَٰنِ	رَّحْمَٰن	ADJ	ر ح م	B001	v12/runs/s001/full_context_packet.json:631	yes	exact	exact	lexical_anchor	direct	governing	not_applicable							none	1:4	sx-1_0-00003	The direct mercy sense can frame later judgment by sequence, but it does not cancel or redefine reckoning.	Word 3 al-Rahman is an adjectival epithet explicitly covered by B001, so mercy and tenderness are the governing direct sense carried into the later reckoning scene.
e-s001-1_0-mercy-frames-reckoning-002	s001-1_0-mercy-frames-reckoning	1:0	4	w-s001-a000-w004	m-w-s001-a000-w004-02	رَّحِيمِ	رَّحِيم	ADJ	ر ح م	B001	v12/runs/s001/full_context_packet.json:631	yes	exact	compatible	lexical_anchor	direct	governing	not_applicable							none	1:4		The direct mercy sense can frame later judgment by sequence, but it does not cancel or redefine reckoning.	Word 4 is the separately QAC-bound genitive adjective al-Rahim and is directly covered by B001; that morphology is compatible with the epithet construction. The fallback attachment describing the second epithet is deterministically bound to word 3, so it is not cited or re-bound here.
e-s001-1_0-mercy-frames-reckoning-003	s001-1_0-mercy-frames-reckoning	1:0	3	w-s001-a000-w003	m-w-s001-a000-w003-02	رَّحْمَٰنِ	رَّحْمَٰن	ADJ	ر ح م	B002	v12/runs/s001/full_context_packet.json:648	yes	mismatch	mismatch	target_root_resonance	unlicensed	none	no							none	1:4	sx-1_0-00003	Al-Rahman is an adjective, not a kinship noun, and the ownership-reckoning phrase contains no descent, family tie, or kinship relation.	B002 is retained but fails the resonance gate because the named 1:4 activators establish dominion and recompense, not kinship, and no explicit structural relation makes kinship relevant to the tribunal.
e-s001-1_0-mercy-frames-reckoning-004	s001-1_0-mercy-frames-reckoning	1:0	4	w-s001-a000-w004	m-w-s001-a000-w004-02	رَّحِيمِ	رَّحِيم	ADJ	ر ح م	B002	v12/runs/s001/full_context_packet.json:648	yes	mismatch	mismatch	target_root_resonance	unlicensed	none	no							none	1:4		Al-Rahim is a distinct adjective, not the kinship noun of B002, and nothing in 1:4 supplies a family or descent construction.	The second mercy occurrence is retained separately, but B002 is unlicensed for the same failed gate: reckoning is not a named kinship activator, and the supplied fallback syntax remains bound to word 3.
e-s001-1_0-mercy-frames-reckoning-005	s001-1_0-mercy-frames-reckoning	1:0	3	w-s001-a000-w003	m-w-s001-a000-w003-02	رَّحْمَٰنِ	رَّحْمَٰن	ADJ	ر ح م	B003	v12/runs/s001/full_context_packet.json:665	yes	mismatch	mismatch	target_root_resonance	analogical_resonance	none	yes	1	2	1	1	0	5	moderate	1:4	sx-1_0-00003;sx-1_4-00010;sx-1_4-00011	The adjective al-Rahman ordinarily selects B001, and simple precedence of mercy already explains the framing effect; 1:4 contains no womb or gestational language.	B003 cannot govern the adjective, but the exact target root, the mercy-before-reckoning sequence, and the tightly nested 'master of the day of recompense' construction supply a minimally coherent enclosure analogy. Its weak branch-specific trigger and strong ordinary alternative limit robustness.
e-s001-1_0-mercy-frames-reckoning-006	s001-1_0-mercy-frames-reckoning	1:0	4	w-s001-a000-w004	m-w-s001-a000-w004-02	رَّحِيمِ	رَّحِيم	ADJ	ر ح م	B003	v12/runs/s001/full_context_packet.json:665	yes	mismatch	mismatch	target_root_resonance	analogical_resonance	none	yes	1	2	1	1	0	5	moderate	1:4	sx-1_4-00010;sx-1_4-00011	QAC makes al-Rahim a separate adjective rather than the womb noun, and ordinary mercy plus textual order accounts for the judgment-framing reading without B003.	Word 4 supplies a second exact root anchor but not the B003 form. The later dominion-recompense construction and sequence permit only a weak enclosure analogy; the fallback attachment is not re-bound from word 3.
e-s001-1_0-mercy-frames-reckoning-007	s001-1_0-mercy-frames-reckoning	1:4	1	w-s001-a004-w001	m-w-s001-a004-w001-01	مَٰلِكِ	مَٰلِك	N	م ل ك	B003	v12/runs/s001/full_context_packet.json:1229	yes	compatible	compatible	context_support	contextually_activated	none	not_applicable							none	1:4	sx-1_4-00010;sx-1_4-00011	QAC analyzes maliki as an active participial owner/master form, not the simple king title, so kingship is not licensed by root identity alone.	The nested genitive construction 'master of the day of recompense' compatibly activates B003 dominion and sovereignty, but the derivational owner form keeps that branch contextual rather than directly governing.
e-s001-1_0-mercy-frames-reckoning-008	s001-1_0-mercy-frames-reckoning	1:4	3	w-s001-a004-w003	m-w-s001-a004-w003-02	دِّينِ	دِين	N	د ي ن	B002	v12/runs/s001/full_context_packet.json:1409	yes	exact	exact	context_support	direct	none	not_applicable							none	1:4	sx-1_4-00011	Reckoning and recompense do not by themselves specify how mercy should frame judgment.	Al-din in the genitive phrase 'day of al-din' directly realizes B002 reckoning and recompense and supplies the legal-judicial context without changing the target mercy words' translation.
e-s001-1_0-name-precedes-path-sign-001	s001-1_0-name-precedes-path-sign	1:0	1	w-s001-a000-w001	m-w-s001-a000-w001-02	سْمِ	ٱسْم	N	س م و	B005	v12/runs/s001/full_context_packet.json:519	yes	exact	exact	lexical_anchor	direct	governing	not_applicable							none	1:6;1:7	sx-1_0-00001;sx-1_0-00002	B005 denotes a name or designation, not literally a road-sign or banner, and no syntax edge equates it with the later path.	Ism in the prefixed bi-sm construction and its genitive relation to Allah exactly instantiate B005. The road-sign comparison is a sequential reading of this direct name, not a different lexical selection.
e-s001-1_0-name-precedes-path-sign-002	s001-1_0-name-precedes-path-sign	1:6	2	w-s001-a006-w002	m-w-s001-a006-w002-02	صِّرَٰطَ	صِرَٰط	N	ص ر ط	B001	v12/runs/s001/full_context_packet.json:2041	yes	exact	exact	context_support	direct	none	not_applicable							none	1:6	sx-1_6-00016;sx-1_6-00017	The requested path is a later contextual term and does not turn the earlier noun ism into a path lexeme.	Al-sirat is the explicit object of 'guide us' and is qualified as straight, directly realizing B001 road/path and supplying the later path pole of the sequential comparison.
e-s001-1_0-name-precedes-path-sign-003	s001-1_0-name-precedes-path-sign	1:7	1	w-s001-a007-w001	m-w-s001-a007-w001-01	صِرَٰطَ	صِرَٰط	N	ص ر ط	B001	v12/runs/s001/full_context_packet.json:2041	yes	exact	exact	context_support	direct	none	not_applicable							none	1:7	sx-1_7-00018	This repetition continues the path phrase but supplies no lexical road-sign sense to ism at 1:0.	Sirat again directly denotes the path and heads an idafa with 'those'; it confirms the extended path context while remaining contextual support only.
e-s001-1_0-name-relational-threshold-001	s001-1_0-name-relational-threshold	1:0	1	w-s001-a000-w001	m-w-s001-a000-w001-02	سْمِ	ٱسْم	N	س م و	B005	v12/runs/s001/full_context_packet.json:519	yes	exact	exact	lexical_anchor	direct	governing	not_applicable							none	1:2;1:5;1:6	sx-1_0-00001;sx-1_0-00002	The noun 'name' does not alone entail enacted alignment, exclusive address, service, or petition.	The QAC noun ism is governed by bi and heads an idafa with Allah, exactly instantiating B005 designation; it is the direct lexical anchor over which the later relational sequence is inferred.
e-s001-1_0-name-relational-threshold-002	s001-1_0-name-relational-threshold	1:0	2	w-s001-a000-w002	m-w-s001-a000-w002-01	ٱللَّهِ	ٱللَّه	PN	ء ل ه	B002	v12/runs/s001/full_context_packet.json:609	yes	exact	exact	lexical_anchor	direct	governing	not_applicable							none	1:2;1:5;1:6	sx-1_0-00002	The fixed divine name in the opening formula identifies the invoked agent but does not alone establish the later exclusive second-person relation.	Allah is the exact fixed divine name covered by B002 and is the genitive complement of ism in the opening formula, so this branch directly governs identification of the addressee.
e-s001-1_0-name-relational-threshold-003	s001-1_0-name-relational-threshold	1:0	2	w-s001-a000-w002	m-w-s001-a000-w002-01	ٱللَّهِ	ٱللَّه	PN	ء ل ه	B001	v12/runs/s001/full_context_packet.json:592	yes	compatible	compatible	lexical_anchor	contextually_activated	modifier	not_applicable							none	1:5	sx-1_0-00002;sx-1_5-00012	At 1:0 the form is the proper name Allah in an idafa, not a common deity noun or an overt worship predicate.	B001 is not the ordinary selection of the proper-name form, but the later fronted 'you' as object of na'budu specifically activates the named referent's worshipped-one role; it therefore modifies the relational reading without replacing B002.
e-s001-1_0-name-relational-threshold-004	s001-1_0-name-relational-threshold	1:5	2	w-s001-a005-w002	m-w-s001-a005-w002-01	نَعْبُدُ	عَبَدَ	V	ع ب د	B003	v12/runs/s001/full_context_packet.json:1533	yes	exact	exact	context_support	direct	none	not_applicable							none	1:5	sx-1_5-00012;sx-1_5-00014	The worship clause discloses the later relation but does not prove that the basmalah itself grammatically performs worship.	The imperfect na'budu directly realizes B003 worship, takes the fronted second-person object, and is parallel with help-seeking; it directly supports the practical relation disclosed after invocation.
e-s001-1_0-name-relational-threshold-005	s001-1_0-name-relational-threshold	1:5	4	w-s001-a005-w004	m-w-s001-a005-w004-01	نَسْتَعِينُ	ٱسْتَعِينُ	V	ع و ن	B001	v12/runs/s001/full_context_packet.json:1708	yes	exact	exact	context_support	direct	none	not_applicable							none	1:5	sx-1_5-00013;sx-1_5-00014	Help-seeking supplies dependence on the addressee but does not by itself make the earlier naming performative.	The Form X imperfect nasta'in directly instantiates B001 seeking help, takes the repeated fronted second-person object, and is coordinated with worship; it directly supports relation before demand.
e-s001-1_0-naming-raises-mention-001	s001-1_0-naming-raises-mention	1:0	1	w-s001-a000-w001	m-w-s001-a000-w001-02	سْمِ	ٱسْم	N	س م و	B005	v12/runs/s001/full_context_packet.json:519	yes	exact	exact	lexical_anchor	direct	governing	not_applicable							none	1:2;1:3	sx-1_0-00001;sx-1_0-00002	B005 directly licenses naming and designation but does not itself assert an event of elevation or public dissemination.	Ism in bi-sm and its idafa with Allah exactly instantiate B005. This direct lexical floor is retained beneath the B001 elevation and B008 repute resonances rather than attributing those resonances to the ordinary meaning of ism.
e-s001-1_0-naming-raises-mention-002	s001-1_0-naming-raises-mention	1:0	1	w-s001-a000-w001	m-w-s001-a000-w001-02	سْمِ	ٱسْم	N	س م و	B001	v12/runs/s001/full_context_packet.json:451	yes	mismatch	mismatch	target_root_resonance	analogical_resonance	none	yes	2	2	1	2	1	8	strong	1:2;1:3	sx-1_0-00002;sx-1_2-00006	The QAC form is the lexical noun ism in an idafa, with no elevation verb or predicate; B005 fully accounts for its ordinary meaning.	B001 does not govern ism, but its expressly attested 'raised mention' image has an exact target-root anchor, is specifically activated by praise of the same named Allah and repetition of his mercy names, and yields the explicit reading change from reference to raised mention. The cross-ayah sequence is meaningful but not syntactically forced.
e-s001-1_0-naming-raises-mention-003	s001-1_0-naming-raises-mention	1:0	1	w-s001-a000-w001	m-w-s001-a000-w001-02	سْمِ	ٱسْم	N	س م و	B008	v12/runs/s001/full_context_packet.json:570	yes	mismatch	mismatch	target_root_resonance	analogical_resonance	none	yes	1	2	1	1	0	5	moderate	1:2;1:3	sx-1_0-00002;sx-1_2-00006	Ism is not the source-attested repute/report form, and the packet shows praise and textual repetition but no explicit public audience or act of dissemination.	B008 cannot govern the name noun, yet praise predicated of the named Allah and immediate recurrence of his mercy names provide a named activator, sequence, and modest reading gain toward spreading good repute. The missing public-spread construction and complete B005 alternative make the analogy fragile.
e-s001-1_0-naming-raises-mention-004	s001-1_0-naming-raises-mention	1:2	1	w-s001-a002-w001	m-w-s001-a002-w001-02	حَمْدُ	حَمْد	N	ح م د	B001	v12/runs/s001/full_context_packet.json:704	yes	exact	exact	context_support	direct	none	not_applicable							none	1:2	sx-1_2-00005;sx-1_2-00006	Direct praise confirms commendation of Allah but does not by itself entail elevation or public spread.	The noun al-hamd directly realizes B001 praise, and the prepositional predicate assigns that praise to Allah; it is the direct contextual floor that activates the target-root elevation and repute analogies.
e-s001-1_0-naming-raises-mention-005	s001-1_0-naming-raises-mention	1:2	1	w-s001-a002-w001	m-w-s001-a002-w001-02	حَمْدُ	حَمْد	N	ح م د	B003	v12/runs/s001/full_context_packet.json:738	yes	mismatch	mismatch	context_support	analogical_resonance	none	yes	1	2	1	1	0	5	moderate	1:2	sx-1_2-00006	Al-hamd is a praise verbal noun governed by B001, not a Mahmud/Muhammad-type praiseworthy name or adjective covered by B003.	B003 does not govern this morphology, but the exact contextual H-M-D anchor, the syntactically assigned praise of the previously named Allah, and the name-to-praise sequence permit a limited analogy in which praise socially confirms a praiseworthy designation. The form mismatch and lack of an actual naming form keep it fragile and translation-blocked.
e-s001-1_2-cultivated-legible-worlds-001	s001-1_2-cultivated-legible-worlds	1:2	3	w-s001-a002-w003	m-w-s001-a002-w003-01	رَبِّ	رَبّ	N	ر ب ب	B001	v12/runs/s001/full_context_packet.json:794	yes	exact	exact	lexical_anchor	direct	governing	not_applicable							none	1:2	sx-1_2-00007;sx-1_2-00008	This direct title sense does not itself supply the claim's stagewise cultivation or legibility mechanism.	Added as the direct lexical floor because the linked readers cited only the target-root resonances ر ب ب:B002 and ع ل م:B002 for this mechanism; the readers did not cite this B001 floor. QAC binds رَبِّ as the noun رَبّ, and its appositional and idafa construction directly selects lordship or ownership.
e-s001-1_2-cultivated-legible-worlds-002	s001-1_2-cultivated-legible-worlds	1:2	3	w-s001-a002-w003	m-w-s001-a002-w003-01	رَبِّ	رَبّ	N	ر ب ب	B002	v12/runs/s001/full_context_packet.json:811	yes	mismatch	compatible	target_root_resonance	analogical_resonance	none	yes	2	1	2	2	1	8	strong	1:6;1:7	sx-1_2-00008	QAC binds a genitive noun and title, رَبّ, whereas B002 scopes the activity of repairing, administering, nurturing, and completing; B001 directly governs the title.	The named guidance, road, and differentiated outcomes activate a care-to-navigability analogy, and the idafa couples Rabb to the worlds on which that care is projected. The derivational mismatch is retained and blocks B002 from ordinary lexical selection or translation, but the explicit activators, structural relation, and reading change satisfy the resonance gate.
e-s001-1_2-cultivated-legible-worlds-003	s001-1_2-cultivated-legible-worlds	1:2	4	w-s001-a002-w004	m-w-s001-a002-w004-02	عَٰلَمِينَ	عَٰلَمِين	N	ع ل م	B002	v12/runs/s001/full_context_packet.json:1105	yes	mismatch	compatible	target_root_resonance	analogical_resonance	none	yes	2	1	2	2	1	8	strong	1:6;1:7	sx-1_2-00008	QAC binds the masculine-plural lexeme عَٰلَمِين, while B002 covers عَلَم, علامة, and related sign or landmark forms and does not supply the ordinary lexical sense 'worlds.'	Guidance on the road and the path's differentiated outcomes are specific activators for a landmark analogy, while the target idafa places the worlds directly under Rabb. The reading gain is a sign-bearing, orientable plurality; the form mismatch and the ordinary 'worlds' selection are explicit, so B002 remains non-translational resonance rather than a governing sense.
e-s001-1_2-cultivated-legible-worlds-004	s001-1_2-cultivated-legible-worlds	1:6	1	w-s001-a006-w001	m-w-s001-a006-w001-01	ٱهْدِ	هَدَى	V	ه د ي	B001	v12/runs/s001/full_context_packet.json:1849	yes	exact	exact	context_support	direct	none	not_applicable							none	1:6	sx-1_6-00016		QAC binds ٱهْدِ as an imperative of هدى, and the supplied attachment makes the road its explicit object; B001 directly licenses guidance toward a way and materially supplies the mechanism's navigation activator.
e-s001-1_2-cultivated-legible-worlds-005	s001-1_2-cultivated-legible-worlds	1:6	2	w-s001-a006-w002	m-w-s001-a006-w002-02	صِّرَٰطَ	صِرَٰط	N	ص ر ط	B001	v12/runs/s001/full_context_packet.json:2041	yes	exact	exact	context_support	direct	none	not_applicable							none	1:6	sx-1_6-00016;sx-1_6-00017		The noun صِرَاط is an exact B001 road occurrence, governed by the guidance imperative and qualified as straight, so it directly supplies the route component of the claimed activator.
e-s001-1_2-cultivated-legible-worlds-006	s001-1_2-cultivated-legible-worlds	1:6	3	w-s001-a006-w003	m-w-s001-a006-w003-02	مُسْتَقِيمَ	مُّسْتَقِيم	ADJ	ق و م	B009	v12/runs/s001/full_context_packet.json:2216	yes	mismatch	mismatch	context_support	unlicensed	none	no							none	1:6	sx-1_6-00017	QAC binds مُسْتَقِيم as a Form X active-participle adjective qualifying صِرَاط, while B009 scopes nominal support, mainstay, and subsistence expressions.	The reader lists B009 but then treats the occurrence only as 'straightness'; it supplies no B009-specific activator or coherent support/mainstay reading change and does not acknowledge the form and construction mismatch. Root identity alone therefore fails the resonance gate, so the attempted branch is retained as unlicensed.
e-s001-1_2-cultivated-legible-worlds-007	s001-1_2-cultivated-legible-worlds	1:7	1	w-s001-a007-w001	m-w-s001-a007-w001-01	صِرَٰطَ	صِرَٰط	N	ص ر ط	B001	v12/runs/s001/full_context_packet.json:2041	yes	exact	exact	context_support	direct	none	not_applicable							none	1:7	sx-1_7-00018		The repeated صِرَاط is an exact B001 road noun, and its idafa to the relative group introduces the differentiated path outcomes that make the route component concrete.
e-s001-1_2-lordship-entails-allegiance-001	s001-1_2-lordship-entails-allegiance	1:2	3	w-s001-a002-w003	m-w-s001-a002-w003-01	رَبِّ	رَبّ	N	ر ب ب	B001	v12/runs/s001/full_context_packet.json:794	yes	exact	exact	lexical_anchor	direct	governing	not_applicable							none	1:2;1:4;1:5	sx-1_2-00007;sx-1_2-00008	B001 licenses lordship and obeyed authority directly but does not by itself entail the claim's full exclusive-service inference.	QAC binds the exact noun and title رَبّ; its apposition to Allah and idafa complement fit B001's lordship, ownership, and obeyed-authority scope. Later kingship and worship develop a consequence of this direct anchor without changing its governing lexical status.
e-s001-1_2-lordship-entails-allegiance-002	s001-1_2-lordship-entails-allegiance	1:2	2	w-s001-a002-w002	m-w-s001-a002-w002-02	لَّهِ	ٱللَّه	PN	ء ل ه	B001	v12/runs/s001/full_context_packet.json:592	yes	mismatch	mismatch	target_root_resonance	analogical_resonance	none	yes	2	1	2	2	1	8	strong	1:0;1:5	sx-1_2-00007;sx-1_5-00012	QAC binds ٱللَّه as a proper name in the fixed ayah; B002, not B001, scopes that fixed name, and the target clause is praise predication rather than a worship construction.	The later first-person worship verb with its fronted exclusive object is a specific activator, and apposition links the same named referent to Rabb in the fixed ayah. That sequence coherently adds the worshipped-one aspect to the allegiance reading, while the proper-name and construction mismatches explicitly prevent B001 from governing the target wording.
e-s001-1_2-lordship-entails-allegiance-003	s001-1_2-lordship-entails-allegiance	1:2	3	w-s001-a002-w003	m-w-s001-a002-w003-01	رَبِّ	رَبّ	N	ر ب ب	B011	v12/runs/s001/full_context_packet.json:964	yes	mismatch	mismatch	target_root_resonance	analogical_resonance	none	yes	1	1	1	1	0	4	weak	1:4;1:5	sx-1_2-00007;sx-1_5-00012	B011 scopes رَبابة/رَباب-like pact and protection nouns, whereas QAC binds the title رَبّ in apposition and idafa; no covenant noun or pact construction occurs.	Later sovereignty and exclusive service provide a named, though indirect, activator for construing allegiance as binding or pact-like, and the title-to-service sequence supplies a coherent structural relation and modest reading gain. The distant derivation, absent pact construction, and sufficient B001 authority account are acknowledged, so the branch is eligible only as limited non-translational analogy.
e-s001-1_2-lordship-entails-allegiance-004	s001-1_2-lordship-entails-allegiance	1:4	1	w-s001-a004-w001	m-w-s001-a004-w001-01	مَٰلِكِ	مَٰلِك	N	م ل ك	B003	v12/runs/s001/full_context_packet.json:1229	yes	exact	exact	context_support	direct	none	not_applicable							none	1:4	sx-1_4-00010		QAC binds مَٰلِك as an active-participle noun heading an idafa, directly fitting B003 kingship and dominion and supplying the later sovereign-authority activator.
e-s001-1_2-lordship-entails-allegiance-005	s001-1_2-lordship-entails-allegiance	1:4	3	w-s001-a004-w003	m-w-s001-a004-w003-02	دِّينِ	دِين	N	د ي ن	B001	v12/runs/s001/full_context_packet.json:1392	yes	exact	compatible	context_support	contextually_activated	none	not_applicable							none	1:4;1:5	sx-1_4-00011;sx-1_5-00012	The nested idafa يَوْمِ ٱلدِّينِ strongly favors B002 reckoning and recompense over obedience as the ordinary selection.	The exact noun دِين can realize B001, and the immediately following declaration of exclusive worship activates its obedience and submission scope alongside, but not instead of, the constructionally dominant B002 sense. It therefore remains contextual support and does not govern translation.
e-s001-1_2-lordship-entails-allegiance-006	s001-1_2-lordship-entails-allegiance	1:4	3	w-s001-a004-w003	m-w-s001-a004-w003-02	دِّينِ	دِين	N	د ي ن	B002	v12/runs/s001/full_context_packet.json:1409	yes	exact	exact	context_support	direct	none	not_applicable							none	1:4	sx-1_4-00011		The exact noun دِين as the genitive complement of يَوْم directly realizes B002 reckoning and recompense, supplying the administered-judgment component of later lordship.
e-s001-1_2-lordship-entails-allegiance-007	s001-1_2-lordship-entails-allegiance	1:5	2	w-s001-a005-w002	m-w-s001-a005-w002-01	نَعْبُدُ	عَبَدَ	V	ع ب د	B003	v12/runs/s001/full_context_packet.json:1533	yes	exact	exact	context_support	direct	none	not_applicable							none	1:5	sx-1_5-00012		QAC binds نَعْبُدُ as the imperfect verb عبد, and the fronted explicit object marks the worship relation; B003 directly licenses worship and submissive obedience as the practical allegiance activator.
e-s001-1_2-praise-as-tested-gratitude-001	s001-1_2-praise-as-tested-gratitude	1:2	1	w-s001-a002-w001	m-w-s001-a002-w001-02	حَمْدُ	حَمْد	N	ح م د	B001	v12/runs/s001/full_context_packet.json:704	yes	exact	exact	lexical_anchor	direct	governing	not_applicable							none	1:2;1:7	sx-1_2-00005;sx-1_2-00006	B001 directly licenses praise and thanksgiving, but the stronger claim that praise is a verdict after testing requires the separate B002 resonance and later contrasts.	QAC binds the exact abstract noun حَمْد, and the supplied predication directs it to Allah; B001 directly governs praise and includes thanksgiving for benefaction. The later favor sharpens that licensed gratitude component without displacing the direct floor.
e-s001-1_2-praise-as-tested-gratitude-002	s001-1_2-praise-as-tested-gratitude	1:2	1	w-s001-a002-w001	m-w-s001-a002-w001-02	حَمْدُ	حَمْد	N	ح م د	B002	v12/runs/s001/full_context_packet.json:721	yes	mismatch	mismatch	target_root_resonance	analogical_resonance	none	yes	2	1	2	2	1	8	strong	1:3;1:5;1:7	sx-1_2-00006	The target is the nominal حَمْد in a praise predication, not a verb that finds a person, place, or matter satisfactory after a test; B001 directly governs the noun.	Favor, mercy, aid, and the explicitly divergent outcomes are named test-like activators, and the opening praise followed by petition and outcome contrast supplies the structural arc and a clear verdict-like reading gain. The nominal and construction mismatches are acknowledged, so B002 qualifies only as non-translational resonance.
e-s001-1_2-praise-as-tested-gratitude-003	s001-1_2-praise-as-tested-gratitude	1:7	3	w-s001-a007-w003	m-w-s001-a007-w003-01	أَنْعَمْ	أَنْعَمَ	V	ن ع م	B001	v12/runs/s001/full_context_packet.json:2442	yes	exact	exact	context_support	direct	none	not_applicable							none	1:7	sx-1_7-00019		QAC binds أَنْعَمْتَ as a Form IV perfect verb whose prepositional complement marks the recipients; this exactly realizes bestowed favor and directly supplies the concrete benefaction answered by gratitude.
e-s001-1_2-praise-as-tested-gratitude-004	s001-1_2-praise-as-tested-gratitude	1:7	6	w-s001-a007-w006	m-w-s001-a007-w006-02	مَغْضُوبِ	مَغْضُوب	N	غ ض ب	B001	v12/runs/s001/full_context_packet.json:2758	yes	compatible	exact	context_support	direct	none	not_applicable							none	1:7	sx-1_7-00021;sx-1_7-00023		The passive participle مَغْضُوب is a direct derivational realization of B001 wrath, and the supplied exclusion and coordination structure makes it one of the negative alternatives against which the claimed verdict is tested.
e-s001-1_2-praise-as-tested-gratitude-005	s001-1_2-praise-as-tested-gratitude	1:7	9	w-s001-a007-w009	m-w-s001-a007-w009-02	ضَّآلِّينَ	ضَآلّ	N	ض ل ل	B001	v12/runs/s001/full_context_packet.json:2899	yes	compatible	exact	context_support	direct	none	not_applicable							none	1:7	sx-1_7-00023		The active participle ضَآلّ directly realizes B001 going astray, and its coordination with the angered group supplies the second negative path outcome used by the evaluative contrast.
e-s001-1_5-aid-backs-dependent-service-001	s001-1_5-aid-backs-dependent-service	1:5	2	w-s001-a005-w002	m-w-s001-a005-w002-01	نَعْبُدُ	عَبَدَ	V	ع ب د	B003	v12/runs/s001/full_context_packet.json:1533	yes	exact	exact	lexical_anchor	direct	governing	not_applicable							none	1:4;1:5	sx-1_5-00012;sx-1_5-00014	The active first-person-plural verb with a fronted personal object does not itself encode legal owned status or an act of enslavement.	نعبد is a Form I imperfect whose personal-object construction directly selects worship and submissive service in B003. The source cites this branch, and it also supplies the direct lexical floor for the alternative ع ب د branches in the claim.
e-s001-1_5-aid-backs-dependent-service-002	s001-1_5-aid-backs-dependent-service	1:5	4	w-s001-a005-w004	m-w-s001-a005-w004-01	نَسْتَعِينُ	ٱسْتَعِينُ	V	ع و ن	B001	v12/runs/s001/full_context_packet.json:1708	yes	exact	exact	lexical_anchor	direct	governing	not_applicable							none	1:5	sx-1_5-00013;sx-1_5-00014	Seeking help is lexical here, but the branch alone does not state that the help specifically sustains the preceding service.	Form X نستعين is explicitly covered by B001's seeking-assistance scope, and the supplied syntax binds its fronted addressee and its coordination with نعبد. The enabling relation is a contextual inference built on this direct sense.
e-s001-1_5-aid-backs-dependent-service-003	s001-1_5-aid-backs-dependent-service	1:5	2	w-s001-a005-w002	m-w-s001-a005-w002-01	نَعْبُدُ	عَبَدَ	V	ع ب د	B001	v12/runs/s001/full_context_packet.json:1516	yes	mismatch	mismatch	target_root_resonance	unlicensed	none	no							none	1:4	sx-1_4-00010;sx-1_5-00012	B001 denotes a nominal legal or social status, whereas نعبد is an active worship verb with the community as subject and the addressee as object.	The preceding مالك supplies a named ownership cue, but no derivational or constructional relation makes owned-slave status a reading of نعبد. The mechanism does not license the role shift or explain this branch as non-governing analogy, so the resonance gate fails and the cited branch is retained as unlicensed.
e-s001-1_5-aid-backs-dependent-service-004	s001-1_5-aid-backs-dependent-service	1:5	2	w-s001-a005-w002	m-w-s001-a005-w002-01	نَعْبُدُ	عَبَدَ	V	ع ب د	B004	v12/runs/s001/full_context_packet.json:1550	yes	mismatch	mismatch	target_root_resonance	unlicensed	none	no							none	1:4	sx-1_4-00010;sx-1_5-00012	B004 requires an enslaving or slave-making event, but the supplied edge makes the addressee the object of the community's active service; it supplies neither an enslaver subject nor an enslaved object.	Ownership context does not repair the derivational and argument-structure mismatch between B004 and نعبد. Because the proposed supported-dependence reading does not establish an explicit slave-making relation, this cited attempt fails the resonance gate and remains unlicensed.
e-s001-1_5-aid-backs-dependent-service-005	s001-1_5-aid-backs-dependent-service	1:4	1	w-s001-a004-w001	m-w-s001-a004-w001-01	مَٰلِكِ	مَٰلِك	N	م ل ك	B002	v12/runs/s001/full_context_packet.json:1212	yes	exact	exact	context_support	direct	none	not_applicable							none	1:4;1:5	sx-1_4-00010	The ownership sense is direct in مالك, but no supplied syntax projects it into the following verb نعبد.	The active participle مالك directly instantiates B002 ownership and heads the supplied iḍāfa. It can frame the following address as contextual ownership material, while remaining only a modifier of the claim rather than a sense of نعبد.
e-s001-1_5-aid-backs-dependent-service-006	s001-1_5-aid-backs-dependent-service	1:4	3	w-s001-a004-w003	m-w-s001-a004-w003-02	دِّينِ	دِين	N	د ي ن	B004	v12/runs/s001/full_context_packet.json:1443	yes	compatible	mismatch	context_support	unlicensed	none	no							none	1:4;1:5	sx-1_4-00011	الدين is the genitive complement in يوم الدين; the construction contains no compelling, owning, or enslaving predicate and assigns no possession roles.	Root membership and proximity to مالك do not make B004 subjugation and possession the selected sense of الدين in this iḍāfa. The source does not supply an explicit analogical bridge that overcomes the construction mismatch, so this support attempt is retained as unlicensed.
e-s001-1_5-aid-stabilizes-path-movement-001	s001-1_5-aid-stabilizes-path-movement	1:5	4	w-s001-a005-w004	m-w-s001-a005-w004-01	نَسْتَعِينُ	ٱسْتَعِينُ	V	ع و ن	B001	v12/runs/s001/full_context_packet.json:1708	yes	exact	exact	lexical_anchor	direct	governing	not_applicable							none	1:5;1:6	sx-1_5-00013	B001 licenses seeking assistance but does not lexically specify settled build, bodily balance, or directional stability.	نستعين directly selects B001 seeking help. Retained from the standard source, this row also supplies the required direct lexical floor for the B005 stabilization analogy.
e-s001-1_5-aid-stabilizes-path-movement-002	s001-1_5-aid-stabilizes-path-movement	1:5	4	w-s001-a005-w004	m-w-s001-a005-w004-01	نَسْتَعِينُ	ٱسْتَعِينُ	V	ع و ن	B005	v12/runs/s001/full_context_packet.json:1776	yes	mismatch	mismatch	target_root_resonance	analogical_resonance	none	yes	2	2	1	2	0	7	moderate	1:6	sx-1_5-00013;sx-1_6-00016;sx-1_6-00017	B005 is scoped to متعاونة descriptions of settled human or animal build, while the target is a Form X help-seeking verb with a personal addressee. The direct B001 sense and the ordinary guidance request explain the sequence without B005.	The exact target root is anchored in 1:5, and the immediately following request for a path qualified as مستقيم is a specific activator for balance and alignment. The reading explicitly supplements rather than replaces ordinary help, so the gate passes; however, only discourse adjacency couples the clauses, and the severe derivational and construction mismatch leaves the analogy fragile.
e-s001-1_5-aid-stabilizes-path-movement-003	s001-1_5-aid-stabilizes-path-movement	1:6	2	w-s001-a006-w002	m-w-s001-a006-w002-02	صِّرَٰطَ	صِرَٰط	N	ص ر ط	B001	v12/runs/s001/full_context_packet.json:2041	yes	exact	exact	context_support	direct	none	not_applicable							none	1:5;1:6	sx-1_6-00016;sx-1_6-00017	The path is the object of the guidance imperative, not a syntactic complement of نستعين in the preceding ayah.	الصراط directly selects B001 road or path and is syntactically governed by اهدنا. Its immediate position makes it a specific contextual activator for the aid analogy, without transferring its lexical government to نستعين.
e-s001-1_5-aid-stabilizes-path-movement-004	s001-1_5-aid-stabilizes-path-movement	1:6	3	w-s001-a006-w003	m-w-s001-a006-w003-02	مُسْتَقِيمَ	مُّسْتَقِيم	ADJ	ق و م	B008	v12/runs/s001/full_context_packet.json:2199	yes	exact	exact	context_support	direct	none	not_applicable							none	1:5;1:6	sx-1_6-00017	The adjective directly qualifies the path; it does not syntactically predicate alignment of the travelers.	Form X active-participial المستقيم modifying الصراط exactly fits B008 straightness, uprightness, and evenness of a path. It supplies the direct alignment cue used by the analogy.
e-s001-1_5-aid-stabilizes-path-movement-005	s001-1_5-aid-stabilizes-path-movement	1:6	3	w-s001-a006-w003	m-w-s001-a006-w003-02	مُسْتَقِيمَ	مُّسْتَقِيم	ADJ	ق و م	B002	v12/runs/s001/full_context_packet.json:2114	yes	mismatch	mismatch	context_support	unlicensed	none	no							none	1:6	sx-1_6-00017	المستقيم is a Form X adjective of the road, while B002 concerns bodily rising or standing and no traveler is expressed as its subject.	The direct B008 path-straightness branch supplies the contextual cue, but the claim relocates B002 bodily standing from the adjective's path argument to unexpressed travelers. No explicit bridge explains that form and participant shift as a non-governing analogy, so B002 is retained as unlicensed.
e-s001-1_5-exclusive-service-to-named-addressee-001	s001-1_5-exclusive-service-to-named-addressee	1:5	2	w-s001-a005-w002	m-w-s001-a005-w002-01	نَعْبُدُ	عَبَدَ	V	ع ب د	B003	v12/runs/s001/full_context_packet.json:1533	yes	exact	exact	lexical_anchor	direct	governing	not_applicable							none	1:0;1:2;1:4;1:5	sx-1_5-00012;sx-1_5-00013;sx-1_5-00014	B003 supplies worship and submissive service, but exclusivity is a relational inference from fronting and parallel repetition rather than a lexical feature of the root branch.	نعبد directly selects B003, and the supplied bindings deterministically make إياك its fronted explicit object within a parallel pair of clauses. The branch governs service; the narrowing to the named addressee is licensed structurally, not added to the branch definition.
e-s001-1_5-exclusive-service-to-named-addressee-002	s001-1_5-exclusive-service-to-named-addressee	1:0	2	w-s001-a000-w002	m-w-s001-a000-w002-01	ٱللَّهِ	ٱللَّه	PN	ء ل ه	B002	v12/runs/s001/full_context_packet.json:609	yes	exact	compatible	context_support	direct	none	not_applicable							none	1:0;1:5	sx-1_0-00002	The بسم construction names Allah in an iḍāfa rather than placing the name in a vocative construction.	The proper name الله directly fits B002's fixed divine-name scope, and the supplied iḍāfa anchors that name before the turn to direct address. Invocation is a discourse description here, not a claim that the local syntax is vocative.
e-s001-1_5-exclusive-service-to-named-addressee-003	s001-1_5-exclusive-service-to-named-addressee	1:0	2	w-s001-a000-w002	m-w-s001-a000-w002-01	ٱللَّهِ	ٱللَّه	PN	ء ل ه	B001	v12/runs/s001/full_context_packet.json:592	yes	compatible	compatible	context_support	contextually_activated	none	not_applicable							none	1:0;1:5	sx-1_0-00002	At this occurrence the proper-name form directly selects B002; B001's worshipped-one relation is not forced by the local iḍāfa alone.	The later direct worship of the same named addressee activates B001's worshipped-one relation for الله. Root identity is not treated as sufficient: the activation depends on the named antecedent and the later explicit B003 worship construction.
e-s001-1_5-exclusive-service-to-named-addressee-004	s001-1_5-exclusive-service-to-named-addressee	1:2	2	w-s001-a002-w002	m-w-s001-a002-w002-02	لَّهِ	ٱللَّه	PN	ء ل ه	B002	v12/runs/s001/full_context_packet.json:609	yes	exact	compatible	context_support	direct	none	not_applicable							none	1:2;1:5	sx-1_2-00005;sx-1_2-00006	The praise predication identifies its recipient but does not itself encode the later worship relation.	The proper name in لله directly instantiates B002, and the supplied predication makes Allah the recipient of الحمد. This supports continuity of addressee before 1:5 without converting naming into worship by itself.
e-s001-1_5-exclusive-service-to-named-addressee-005	s001-1_5-exclusive-service-to-named-addressee	1:2	2	w-s001-a002-w002	m-w-s001-a002-w002-02	لَّهِ	ٱللَّه	PN	ء ل ه	B001	v12/runs/s001/full_context_packet.json:592	yes	compatible	compatible	context_support	contextually_activated	none	not_applicable							none	1:2;1:5	sx-1_2-00005;sx-1_2-00006	The local form is the fixed proper name and the local construction is praise, so B001 is activated only by the later worship clause.	Because the later fronted object of نعبد refers back to the same praised addressee, B001's worshipped-one relation becomes contextually active at الله. The branch modifies the cross-ayah relation but does not replace the direct B002 name sense.
e-s001-1_5-exclusive-service-to-named-addressee-006	s001-1_5-exclusive-service-to-named-addressee	1:4	3	w-s001-a004-w003	m-w-s001-a004-w003-02	دِّينِ	دِين	N	د ي ن	B001	v12/runs/s001/full_context_packet.json:1392	yes	exact	compatible	context_support	contextually_activated	none	not_applicable							none	1:4;1:5	sx-1_4-00011	The iḍāfa يوم الدين does not by itself force the obedience and submission portion of B001's range.	The noun form is compatible with B001, and the immediately following direct B003 worship clause activates its obedience and submission dimension. The activation is contextual rather than a claim that the genitive construction alone selects that nuance.
e-s001-1_5-service-smooths-straight-path-001	s001-1_5-service-smooths-straight-path	1:5	2	w-s001-a005-w002	m-w-s001-a005-w002-01	نَعْبُدُ	عَبَدَ	V	ع ب د	B003	v12/runs/s001/full_context_packet.json:1533	yes	exact	exact	lexical_anchor	direct	governing	not_applicable							none	1:5;1:6	sx-1_5-00012	The active worship verb with a personal object is not the physical passive or attributive road expression described by B005.	Added as the required direct lexical floor because the road-work mechanism cites the B005 resonance without citing the ordinary target sense. Form I نعبد directly selects B003 worship and submissive service.
e-s001-1_5-service-smooths-straight-path-002	s001-1_5-service-smooths-straight-path	1:5	2	w-s001-a005-w002	m-w-s001-a005-w002-01	نَعْبُدُ	عَبَدَ	V	ع ب د	B005	v12/runs/s001/full_context_packet.json:1567	yes	mismatch	mismatch	target_root_resonance	analogical_resonance	none	yes	2	2	1	2	1	8	strong	1:6	sx-1_5-00012;sx-1_6-00016;sx-1_6-00017	B005 describes physical objects made subdued or passable, especially a road, while نعبد is an active worship verb with a personal object. No supplied edge links the verb syntactically to الصراط across the ayah boundary.	The exact target root is present, and the immediately following governed noun الصراط with its direct straightness adjective is a highly specific activator for B005's made-passable-road image. The source explicitly preserves ordinary worship and states a path-work reading change, so the analogy gate passes; discourse adjacency gives real but non-syntactic coupling, and the form mismatch limits robustness.
e-s001-1_5-service-smooths-straight-path-003	s001-1_5-service-smooths-straight-path	1:6	2	w-s001-a006-w002	m-w-s001-a006-w002-02	صِّرَٰطَ	صِرَٰط	N	ص ر ط	B001	v12/runs/s001/full_context_packet.json:2041	yes	exact	exact	context_support	direct	none	not_applicable							none	1:5;1:6	sx-1_6-00016;sx-1_6-00017	The road is governed by the guidance imperative in 1:6, not by نعبد in 1:5.	الصراط directly selects B001 and is the explicit object of اهدنا. Its immediate arrival supplies the concrete road activator for the B005 analogy while remaining contextual support.
e-s001-1_5-service-smooths-straight-path-004	s001-1_5-service-smooths-straight-path	1:6	3	w-s001-a006-w003	m-w-s001-a006-w003-02	مُسْتَقِيمَ	مُّسْتَقِيم	ADJ	ق و م	B008	v12/runs/s001/full_context_packet.json:2199	yes	exact	exact	context_support	direct	none	not_applicable							none	1:5;1:6	sx-1_6-00017	The direct straightness sense qualifies الصراط and does not make نعبد a physical smoothing predicate.	المستقيم is a Form X active participle agreeing with الصراط and directly instantiates B008 straightness and evenness of a path. It sharpens the road activator without governing the target verb.
e-s001-1_5-worship-reverses-prideful-anger-001	s001-1_5-worship-reverses-prideful-anger	1:5	2	w-s001-a005-w002	m-w-s001-a005-w002-01	نَعْبُدُ	عَبَدَ	V	ع ب د	B003	v12/runs/s001/full_context_packet.json:1533	yes	exact	exact	lexical_anchor	direct	governing	not_applicable							none	1:5;1:7	sx-1_5-00012	B003 licenses worshipful submission but does not lexically assert reversal of an anger state.	Form I نعبد with its fronted personal object directly selects B003 worship and submissive obedience. The source cites this contrast branch, which also fixes the ordinary lexical floor for assessing B008.
e-s001-1_5-worship-reverses-prideful-anger-002	s001-1_5-worship-reverses-prideful-anger	1:5	2	w-s001-a005-w002	m-w-s001-a005-w002-01	نَعْبُدُ	عَبَدَ	V	ع ب د	B008	v12/runs/s001/full_context_packet.json:1618	yes	mismatch	mismatch	target_root_resonance	unlicensed	none	no							none	1:7	sx-1_5-00012;sx-1_7-00022	نعبد is an active worship verb, whereas B008 is an emotive pride/anger branch; moreover, المغضوب is passive and its عَلَيْهِم complement marks the route-group as targets of anger, not as agents of prideful anger.	The later غ ض ب occurrence is a named cue, but its deterministic voice and attachment reverse the participant role required by the proposed inner anger. No supplied structure connects that passive state to B008 at نعبد or licenses an affective-reversal reading, so the gate fails and the cited branch remains unlicensed.
e-s001-1_5-worship-reverses-prideful-anger-003	s001-1_5-worship-reverses-prideful-anger	1:7	6	w-s001-a007-w006	m-w-s001-a007-w006-02	مَغْضُوبِ	مَغْضُوب	N	غ ض ب	B001	v12/runs/s001/full_context_packet.json:2758	yes	compatible	exact	counterevidence	direct	none	not_applicable							none	1:7	sx-1_7-00022	The passive participle and governed عليهم identify people subjected to anger; they do not express those people's own prideful aversion.	المغضوب directly realizes B001 anger in a passive construction, so the branch itself is lexically licensed. Its material role in this claim is counterevidential: the supplied attachment prevents it from serving as evidence that the route-group generates the B008 emotion projected onto نعبد.
e-s001-1_6-024	s001-1_6-contained-transit	1:6	2	w-s001-a006-w002	m-w-s001-a006-w002-02	صِّرَٰطَ	صِرَٰط	N	ص ر ط	B001	v12/runs/s001/full_context_packet.json:2041	yes	exact	exact	lexical_anchor	direct	governing	not_applicable							none				The directly expressed road anchors the passage contrast.
e-s001-1_6-025	s001-1_6-contained-transit	1:6	2	w-s001-a006-w002	m-w-s001-a006-w002-02	صِّرَٰطَ	صِرَٰط	N	ص ر ط	B002	v12/runs/s001/full_context_packet.json:2058	yes	mismatch	mismatch	target_root_resonance	analogical_resonance	none	yes	2	2	2	2	1	9	strong			The swallowing verb and food-passage construction do not realize the noun صراط.	The exact same-root path anchor is coupled to the adjacent disappearance and locatability contrast in 1:7, materially sharpening the path as contained transit despite an available ordinary path reading.
e-s001-1_6-026	s001-1_6-contained-transit	1:6	3	w-s001-a006-w003	m-w-s001-a006-w003-02	مُسْتَقِيمَ	مُّسْتَقِيم	ADJ	ق و م	B008	v12/runs/s001/full_context_packet.json:2199	yes	exact	exact	lexical_anchor	direct	governing	not_applicable							none				Direct straightness supplies the protected directional contrast.
e-s001-1_6-027	s001-1_6-contained-transit	1:7	9	w-s001-a007-w009	m-w-s001-a007-w009-02	ضَّآلِّينَ	ضَآلّ	N	ض ل ل	B001	v12/runs/s001/full_context_packet.json:2899	yes	exact	exact	context_support	direct	none	not_applicable							none	1:6			The active participle directly realizes straying from guidance and aim.
e-s001-1_6-028	s001-1_6-contained-transit	1:7	9	w-s001-a007-w009	m-w-s001-a007-w009-02	ضَّآلِّينَ	ضَآلّ	N	ض ل ل	B002	v12/runs/s001/full_context_packet.json:2916	yes	mismatch	mismatch	target_root_resonance	analogical_resonance	none	yes	2	2	2	2	1	9	strong	1:6		Hidden-disappearance uses do not realize the human active participle ضالين.	Its adjacent contrast with the fixed path and its exact material correspondence to swallowing/disappearance create a strong protective-containment resonance, with qualification retained.
e-s001-1_6-029	s001-1_6-contained-transit	1:7	9	w-s001-a007-w009	m-w-s001-a007-w009-02	ضَّآلِّينَ	ضَآلّ	N	ض ل ل	B003	v12/runs/s001/full_context_packet.json:2933	yes	compatible	compatible	context_support	contextually_activated	none	not_applicable							none	1:6			Lost or unlocatable status is constructionally compatible as a secondary nuance, while B001 governs the occurrence.
e-s001-1_6-035	s001-1_6-cutting-through-resistance	1:6	2	w-s001-a006-w002	m-w-s001-a006-w002-02	صِّرَٰطَ	صِرَٰط	N	ص ر ط	B001	v12/runs/s001/full_context_packet.json:2041	yes	exact	exact	lexical_anchor	direct	governing	not_applicable							none				The direct road sense anchors the material analogy.
e-s001-1_6-036	s001-1_6-cutting-through-resistance	1:6	2	w-s001-a006-w002	m-w-s001-a006-w002-02	صِّرَٰطَ	صِرَٰط	N	ص ر ط	B003	v12/runs/s001/full_context_packet.json:2075	yes	mismatch	mismatch	target_root_resonance	analogical_resonance	none	yes	1	2	2	1	1	7	moderate			The cutting-sword use of sirāṭ does not realize the fixed road noun.	The exact same-root anchor and adjacent hardened-resistance outcome form a coherent cutting-through sequence, but the image remains nonessential to the base reading.
e-s001-1_6-037	s001-1_6-cutting-through-resistance	1:6	3	w-s001-a006-w003	m-w-s001-a006-w003-02	مُسْتَقِيمَ	مُّسْتَقِيم	ADJ	ق و م	B008	v12/runs/s001/full_context_packet.json:2199	yes	exact	exact	lexical_anchor	direct	governing	not_applicable							none				Direct straightness supplies the course whose resistance is imagined.
e-s001-1_6-038	s001-1_6-cutting-through-resistance	1:7	6	w-s001-a007-w006	m-w-s001-a007-w006-02	مَغْضُوبِ	مَغْضُوب	N	غ ض ب	B001	v12/runs/s001/full_context_packet.json:2758	yes	exact	exact	context_support	direct	none	not_applicable							none	1:6			The passive participle directly realizes wrath and supplies the resistant outcome.
e-s001-1_6-039	s001-1_6-cutting-through-resistance	1:7	6	w-s001-a007-w006	m-w-s001-a007-w006-02	مَغْضُوبِ	مَغْضُوب	N	غ ض ب	B004	v12/runs/s001/full_context_packet.json:2809	yes	mismatch	mismatch	target_root_resonance	analogical_resonance	none	yes	2	2	1	1	1	7	moderate	1:6		The hard-rock noun غضبة does not realize the passive participle مغضوب.	The immediately adjacent wrath outcome gives a clear hardness trigger that coheres with cutting resistance, though the material equation is not explicit.
e-s001-1_6-040	s001-1_6-cutting-through-resistance	1:7	6	w-s001-a007-w006	m-w-s001-a007-w006-02	مَغْضُوبِ	مَغْضُوب	N	غ ض ب	B008	v12/runs/s001/full_context_packet.json:2877	yes	mismatch	mismatch	target_root_resonance	analogical_resonance	none	yes	1	2	1	1	0	5	moderate	1:6		Tough-hide and folded-leather nouns do not realize the passive participle مغضوب.	The local toughness image can reinforce resistance, but it is less specific, less structurally coupled, and more fragile than the hard-rock branch.
e-s001-1_6-030	s001-1_6-devotional-offering	1:6	1	w-s001-a006-w001	m-w-s001-a006-w001-01	ٱهْدِ	هَدَى	V	ه د ي	B001	v12/runs/s001/full_context_packet.json:1849	yes	exact	exact	lexical_anchor	direct	governing	not_applicable							none				Direct guidance remains the base sense even in this evidence-only claim.
e-s001-1_6-031	s001-1_6-devotional-offering	1:6	1	w-s001-a006-w001	m-w-s001-a006-w001-01	ٱهْدِ	هَدَى	V	ه د ي	B005	v12/runs/s001/full_context_packet.json:1917	yes	mismatch	mismatch	target_root_resonance	analogical_resonance	none	yes	1	1	1	1	0	4	weak			Hady offerings sent to the sanctuary do not realize the imperative guidance verb.	A devotional network of praise, favor, and service supplies a possible association, but it is remote, standard-only, and adds little robust reading gain.
e-s001-1_6-032	s001-1_6-devotional-offering	1:2	1	w-s001-a002-w001	m-w-s001-a002-w001-02	حَمْدُ	حَمْد	N	ح م د	B001	v12/runs/s001/full_context_packet.json:704	yes	exact	exact	context_support	direct	none	not_applicable							none	1:6			Direct praise supports the proposed response side of the economy.
e-s001-1_6-033	s001-1_6-devotional-offering	1:7	3	w-s001-a007-w003	m-w-s001-a007-w003-01	أَنْعَمْ	أَنْعَمَ	V	ن ع م	B001	v12/runs/s001/full_context_packet.json:2442	yes	exact	exact	context_support	direct	none	not_applicable							none	1:6			Direct favor supports reception but does not validate the offering sense.
e-s001-1_6-034	s001-1_6-devotional-offering	1:5	2	w-s001-a005-w002	m-w-s001-a005-w002-01	نَعْبُدُ	عَبَدَ	V	ع ب د	B003	v12/runs/s001/full_context_packet.json:1533	yes	exact	exact	context_support	direct	none	not_applicable							none	1:6			Direct worship supports the devotional frame but not the lexical offering branch.
e-s001-1_6-001	s001-1_6-enabled-orientation	1:6	1	w-s001-a006-w001	m-w-s001-a006-w001-01	ٱهْدِ	هَدَى	V	ه د ي	B001	v12/runs/s001/full_context_packet.json:1849	yes	exact	exact	lexical_anchor	direct	governing	not_applicable							none				The branch explicitly includes guidance, showing the road, and divine enabling; it matches the imperative verb.
e-s001-1_6-002	s001-1_6-enabled-orientation	1:6	2	w-s001-a006-w002	m-w-s001-a006-w002-02	صِّرَٰطَ	صِرَٰط	N	ص ر ط	B001	v12/runs/s001/full_context_packet.json:2041	yes	exact	exact	lexical_anchor	direct	governing	not_applicable							none				The branch explicitly contains صراط as road or path.
e-s001-1_6-003	s001-1_6-enabled-orientation	1:6	3	w-s001-a006-w003	m-w-s001-a006-w003-02	مُسْتَقِيمَ	مُّسْتَقِيم	ADJ	ق و م	B008	v12/runs/s001/full_context_packet.json:2199	yes	exact	exact	lexical_anchor	direct	governing	not_applicable							none				The branch explicitly includes استقامة الطريق and مستقيم-compatible straightness.
e-s001-1_6-004	s001-1_6-enabled-orientation	1:5	4	w-s001-a005-w004	m-w-s001-a005-w004-01	نَسْتَعِينُ	ٱسْتَعِينُ	V	ع و ن	B001	v12/runs/s001/full_context_packet.json:1708	yes	exact	exact	context_support	direct	none	not_applicable							none	1:6			The branch explicitly includes استعانة; it supports enabled movement but does not translate a word in 1:6.
e-s001-1_6-010	s001-1_6-guidance-as-favor	1:6	1	w-s001-a006-w001	m-w-s001-a006-w001-01	ٱهْدِ	هَدَى	V	ه د ي	B001	v12/runs/s001/full_context_packet.json:1849	yes	exact	exact	lexical_anchor	direct	governing	not_applicable							none				Direct guidance remains the governing sense beneath the favor mechanism.
e-s001-1_6-011	s001-1_6-guidance-as-favor	1:6	1	w-s001-a006-w001	m-w-s001-a006-w001-01	ٱهْدِ	هَدَى	V	ه د ي	B004	v12/runs/s001/full_context_packet.json:1900	yes	mismatch	mismatch	target_root_resonance	analogical_resonance	none	yes	2	2	2	2	2	10	strong			هدية and إهداء gift forms are not the imperative guidance form اهدنا.	The exact guidance request is immediately specified by the favored recipients in 1:7 and answered by praise, making bestowed access a specific and robust mechanism.
e-s001-1_6-012	s001-1_6-guidance-as-favor	1:6	2	w-s001-a006-w002	m-w-s001-a006-w002-02	صِّرَٰطَ	صِرَٰط	N	ص ر ط	B001	v12/runs/s001/full_context_packet.json:2041	yes	exact	exact	lexical_anchor	direct	governing	not_applicable							none				The granted access is anchored to the directly expressed road.
e-s001-1_6-013	s001-1_6-guidance-as-favor	1:7	3	w-s001-a007-w003	m-w-s001-a007-w003-01	أَنْعَمْ	أَنْعَمَ	V	ن ع م	B001	v12/runs/s001/full_context_packet.json:2442	yes	exact	exact	context_support	direct	none	not_applicable							none	1:6			The branch explicitly includes benefaction given to another and directly licenses the support occurrence.
e-s001-1_6-014	s001-1_6-guidance-as-favor	1:2	1	w-s001-a002-w001	m-w-s001-a002-w001-02	حَمْدُ	حَمْد	N	ح م د	B001	v12/runs/s001/full_context_packet.json:704	yes	exact	exact	context_support	direct	none	not_applicable							none	1:6			Direct praise and thanksgiving support the response-to-gift mechanism without translating 1:6.
e-s001-1_6-015	s001-1_6-supported-procession	1:6	1	w-s001-a006-w001	m-w-s001-a006-w001-01	ٱهْدِ	هَدَى	V	ه د ي	B001	v12/runs/s001/full_context_packet.json:1849	yes	exact	exact	lexical_anchor	direct	governing	not_applicable							none				Direct guidance anchors the procession commentary.
e-s001-1_6-016	s001-1_6-supported-procession	1:6	1	w-s001-a006-w001	m-w-s001-a006-w001-01	ٱهْدِ	هَدَى	V	ه د ي	B003	v12/runs/s001/full_context_packet.json:1883	yes	mismatch	mismatch	target_root_resonance	analogical_resonance	none	yes	2	2	2	2	2	10	strong			Leading parts, guides, and objects going ahead do not realize the imperative guidance verb.	The request for guidance is directly followed by a road embodied by favored predecessors, producing an explicit and materially useful leading-front structure.
e-s001-1_6-017	s001-1_6-supported-procession	1:6	1	w-s001-a006-w001	m-w-s001-a006-w001-01	ٱهْدِ	هَدَى	V	ه د ي	B008	v12/runs/s001/full_context_packet.json:1968	yes	mismatch	mismatch	target_root_resonance	analogical_resonance	none	yes	2	2	2	2	1	9	strong			تهادي swaying or supported-walking forms do not realize اهدنا.	The immediately preceding request for aid and the straightness contrast strongly activate supported movement, although ordinary guidance alone remains an available explanation.
e-s001-1_6-018	s001-1_6-supported-procession	1:6	3	w-s001-a006-w003	m-w-s001-a006-w003-02	مُسْتَقِيمَ	مُّسْتَقِيم	ADJ	ق و م	B008	v12/runs/s001/full_context_packet.json:2199	yes	exact	exact	lexical_anchor	direct	governing	not_applicable							none				Direct uprightness supplies the stable orientation contrasted with swaying.
e-s001-1_6-019	s001-1_6-supported-procession	1:5	4	w-s001-a005-w004	m-w-s001-a005-w004-01	نَسْتَعِينُ	ٱسْتَعِينُ	V	ع و ن	B001	v12/runs/s001/full_context_packet.json:1708	yes	exact	exact	context_support	direct	none	not_applicable							none	1:6			The preceding direct request for aid supports accompanied movement.
e-s001-1_6-020	s001-1_6-supported-procession	1:7	1	w-s001-a007-w001	m-w-s001-a007-w001-01	صِرَٰطَ	صِرَٰط	N	ص ر ط	B001	v12/runs/s001/full_context_packet.json:2041	yes	exact	exact	context_support	direct	none	not_applicable							none	1:6			The repeated road is directly licensed and is populated by prior recipients.
e-s001-1_6-021	s001-1_6-supported-procession	1:7	3	w-s001-a007-w003	m-w-s001-a007-w003-01	أَنْعَمْ	أَنْعَمَ	V	ن ع م	B001	v12/runs/s001/full_context_packet.json:2442	yes	exact	exact	context_support	direct	none	not_applicable							none	1:6			Direct benefaction identifies the people who embody the path.
e-s001-1_6-022	s001-1_6-supported-procession	1:4	1	w-s001-a004-w001	m-w-s001-a004-w001-01	مَٰلِكِ	مَٰلِك	N	م ل ك	B008	v12/runs/s001/full_context_packet.json:1314	yes	mismatch	mismatch	target_root_resonance	analogical_resonance	none	yes	1	1	1	1	0	4	weak	1:6		Animal foreparts and leaders do not realize the form Mālik.	This is a remote parallel leading image with limited unique reading gain; it is retained as weak resonance rather than treated as lexical support.
e-s001-1_6-023	s001-1_6-supported-procession	1:6	3	w-s001-a006-w003	m-w-s001-a006-w003-02	مُسْتَقِيمَ	مُّسْتَقِيم	ADJ	ق و م	B003	v12/runs/s001/full_context_packet.json:2131	yes	mismatch	mismatch	target_root_resonance	analogical_resonance	none	yes	1	2	1	1	1	6	moderate			Resolve and rising to undertake a matter do not realize the adjective مستقيم.	The same-root anchor and local movement petition make resolve a coherent nuance, but the structural link is indirect and adds limited reading change.
e-s001-1_6-005	s001-1_6-sustained-straightness	1:6	3	w-s001-a006-w003	m-w-s001-a006-w003-02	مُسْتَقِيمَ	مُّسْتَقِيم	ADJ	ق و م	B008	v12/runs/s001/full_context_packet.json:2199	yes	exact	exact	lexical_anchor	direct	governing	not_applicable							none				Straightness is the direct lexical floor for the maintenance mechanism.
e-s001-1_6-006	s001-1_6-sustained-straightness	1:6	3	w-s001-a006-w003	m-w-s001-a006-w003-02	مُسْتَقِيمَ	مُّسْتَقِيم	ADJ	ق و م	B004	v12/runs/s001/full_context_packet.json:2148	yes	mismatch	mismatch	target_root_resonance	analogical_resonance	none	yes	2	2	2	2	2	10	strong			قيام على and qayyim-family forms differ derivationally and constructionally from مستقيم.	The exact straightness anchor, together with preceding nurture and aid, creates an explicit upkeep structure; the maintenance image materially organizes the claim.
e-s001-1_6-007	s001-1_6-sustained-straightness	1:6	3	w-s001-a006-w003	m-w-s001-a006-w003-02	مُسْتَقِيمَ	مُّسْتَقِيم	ADJ	ق و م	B009	v12/runs/s001/full_context_packet.json:2216	yes	mismatch	mismatch	target_root_resonance	analogical_resonance	none	yes	2	2	2	2	2	10	strong			قوام and mainstay nouns differ from the adjective مستقيم in form and construction.	The same-root straightness anchor and the aid-and-nurture sequence make sustaining infrastructure a specific, structurally coupled reading rather than decoration.
e-s001-1_6-008	s001-1_6-sustained-straightness	1:2	3	w-s001-a002-w003	m-w-s001-a002-w003-01	رَبِّ	رَبّ	N	ر ب ب	B002	v12/runs/s001/full_context_packet.json:811	yes	compatible	compatible	context_support	contextually_activated	none	not_applicable							none	1:6			Nurture and administration are locally live nuances of Rabb and support maintenance without governing 1:6 translation.
e-s001-1_6-009	s001-1_6-sustained-straightness	1:5	4	w-s001-a005-w004	m-w-s001-a005-w004-01	نَسْتَعِينُ	ٱسْتَعِينُ	V	ع و ن	B001	v12/runs/s001/full_context_packet.json:1708	yes	exact	exact	context_support	direct	none	not_applicable							none	1:6			Directly licensed aid supports the upkeep mechanism from the preceding ayah.
