claim_id	ayah_ref	mechanism	cross_run_relation	publication_role	disposition	decision_reason
s001-1_0-mercy-formative-enclosure	1:0	At 1:0, ر ح م B001 tenderness, B002 kinship, and especially B003 womb imagery supply a protected spatial enclosure for dependent formation. ر ب ب B002 stagewise nurture in 1:2, repeated mercy in 1:3, ع و ن B001 aid in 1:5, and ه د ي B001 guidance in 1:6 unfold as growth within that enclosure; the eleven-ayah formulation adds the compatible causal layer that protective mercy enables the development it surrounds.	compatible_refinement	unreviewed	unreviewed	
s001-1_0-mercy-frames-reckoning	1:0	At 1:0, the doubled ر ح م B001/B002/B003 mercy precedes and encloses the م ل ك B003 dominion and د ي ن B002 reckoning activated in 1:4. This sequence carries tenderness into the legal-sovereign scene, framing rather than canceling judgment and recompense.	standard_only	unreviewed	unreviewed	
s001-1_0-name-precedes-path-sign	1:0	At 1:0, س م و B005 functions sequentially as the first road-sign or banner: the raised designation is placed before the ص ر ط B001 path is requested in 1:6-1:7, making the name an orienting marker rather than a static designation.	standard_only	unreviewed	unreviewed	
s001-1_0-name-relational-threshold	1:0	At 1:0, س م و B005 and ء ل ه B001/B002 make invocation of the raised divine name an enacted alignment with an addressee. The later direct address, ع ب د B003 worship, and ع و ن B001 help-seeking in 1:5 disclose the practical relation established before any demand, placing the ensuing praise, service, aid, and guidance under the named agent rather than leaving the basmalah a detached label or formula.	shared_mechanism	unreviewed	unreviewed	
s001-1_0-naming-raises-mention	1:0	At 1:0, the س م و elevation and designation material in B001/B005/B008 makes naming a raising of the invoked agent's public mention. Later ح م د B001/B003 praise and praiseworthy naming in 1:2, together with recurrence of the mercy names in 1:3, enact or socially confirm that elevation and spread, so بسم begins an ongoing raising of mention rather than mere reference.	shared_mechanism	unreviewed	unreviewed	
s001-1_2-cultivated-legible-worlds	1:2	The stagewise nurture, repair, and completion of ر ب ب B002 acts on the signs or landmarks of ع ل م B002 so that العالمين reads as legible, orientable domains: later guidance, road, straightness, and differentiated outcomes activate those marks as navigational distinctions maintained by lordly care, rather than the worlds remaining a static undifferentiated plurality.	shared_mechanism	unreviewed	unreviewed	
s001-1_2-lordship-entails-allegiance	1:2	The ownership and obeyed authority of ر ب ب B001 is developed by later kingship, obedience or reckoning, and exclusive worship, so Rabb entails binding allegiance and administered dependence rather than scale or nurture alone; covenant or protection and the worshipped-one title remain compatible elaborations of that authority-to-service relation.	shared_mechanism	unreviewed	unreviewed	
s001-1_2-praise-as-tested-gratitude	1:2	Later benefaction and divergent path outcomes activate ح م د B001/B002 so that الحمد reads as a grateful, evidence-bearing verdict: favor, mercy, aid, and their contrasted outcomes supply the test by which the praised one is recognized as praiseworthy, rather than praise remaining undirected acclaim.	shared_mechanism	unreviewed	unreviewed	
s001-1_5-aid-backs-dependent-service	1:5	Pairing service with ع و ن B001 help makes the relation one of backed dependence: aid from the same addressee enables and sustains service, while the standard run's ownership and subjugation material adds the compatible refinement that this dependence is supported rather than abandoned or reduced to naked domination.	compatible_refinement	unreviewed	unreviewed	
s001-1_5-aid-stabilizes-path-movement	1:5	Immediately before the straight-path request, seeking aid becomes a request for the capacity to move on the route: the standard run's ع و ن B001 assistance supplies power to proceed, while the eleven-ayah run refines this through ع و ن B005 settled build and strength activated by ق و م B002 and B008, bringing the travelers into upright, even alignment without directional collapse.	compatible_refinement	unreviewed	unreviewed	
s001-1_5-exclusive-service-to-named-addressee	1:5	The repeated, fronted إياك relationally narrows ع ب د B003 worship and submissive obedience to the same addressee invoked and praised earlier, so the turn to direct address converts prior naming, lordship, and dominion into the community's exclusive pledged service.	shared_mechanism	unreviewed	unreviewed	
s001-1_5-service-smooths-straight-path	1:5	The immediate straight-path request activates ع ب د B005 physical smoothing and making-passable: worshipful service becomes material path-work that disciplines the travelers and prepares, treads, or keeps inhabitable the route for which guidance is requested.	shared_mechanism	unreviewed	unreviewed	
s001-1_5-worship-reverses-prideful-anger	1:5	The later anger contrast activates ع ب د B008 prideful aversion against ع ب د B003 submissive worship, so exclusive service becomes affective discipline that reverses self-assertive refusal and protects against a pride-anger orientation toward the wrong route.	standard_only	unreviewed	unreviewed	
s001-1_6-contained-transit	1:6	The road contains directed passage, contrasted with becoming unlocatable through straying.	shared_mechanism	secondary	accepted	Direct road, straightness, and contextual loss anchor the claim; the paired swallowing/disappearance branches score as strong resonance despite the ±5 reader's qualification, so the mechanism materially enriches commentary without governing translation.
s001-1_6-cutting-through-resistance	1:6	The straight path is imagined as cutting through hardened resistance.	standard_only	exploratory	accepted	The mechanism is a separable component of the standard passage reading; sword, rock, and hide branches are explicitly analogical.
s001-1_6-devotional-offering	1:6	Guidance participates in a devotional gift-and-offering economy answered by praise and service.	standard_only	evidence_only	evidence_only	The offering branch is morphologically remote from اهدنا and appears only in the standard run; preserve it without publishing or translating through it.
s001-1_6-enabled-orientation	1:6	The petition asks for enabled movement toward a road whose defining form is straightness.	compatible_refinement	primary	accepted	The direct ه د ي B001, ص ر ط B001, and ق و م B008 spine governs the reading; the ±5 movement language refines the standard baseline.
s001-1_6-guidance-as-favor	1:6	Guidance is received as favor granting access to the path rather than as self-produced entitlement.	shared_mechanism	secondary	accepted	Both runs connect ه د ي B004 with ن ع م B001; gift remains analogical while direct guidance and road branches anchor the claim.
s001-1_6-supported-procession	1:6	Guidance is accompanied movement behind a leading human front, supported against instability.	compatible_refinement	secondary	accepted	The standard leading-front reading and ±5 supported-procession reading converge; ه د ي B003 and B008 remain analogical.
s001-1_6-sustained-straightness	1:6	The path's straightness is understood as an upheld and sustaining order.	shared_mechanism	primary	accepted	ق و م B008 directly licenses straightness; B004 and B009 add labeled maintenance and mainstay analogies supported by nurture and aid.
